학년,교과목명,학점,시간,N/P과목,담당교수,강좌번호,신청인원,제한인원,강의시간,비고,강의계획서
전학년,성서와인간이해,2,2,N,강안일,5001,0,55,수 09:00~10:50 (S1221),,
전학년,성서와인간이해,2,2,N,박광우,5002,0,55,목 10:00~11:50 (S1221),,
전학년,성서와인간이해,2,2,N,박광우,5003,0,55,월 13:00~14:50 (S1221),,
전학년,성서와인간이해,2,2,N,박광우,5004,0,55,화 14:00~15:50 (S1221),,
전학년,성서와인간이해,2,2,N,박종현,5005,0,55,화 13:00~14:50 (S4115),,
전학년,성서와인간이해,2,2,N,조내연,5006,0,55,목 10:00~11:50 (S1233),,
전학년,성서와인간이해,2,2,N,조내연,5007,0,55,수 14:00~15:50 (S1233),,
전학년,성서와인간이해,2,2,N,조내연,5008,0,55,화 14:00~15:50 (S1233),,
전학년,성서와인간이해,2,2,N,조미라,5009,0,55,목 12:00~13:50 (S4115),,
전학년,성서와인간이해,2,2,N,조미라,5010,0,55,목 14:00~15:50 (S4115),,
전학년,성서와인간이해,2,2,N,박용수,5011,0,100,금 16:00~17:50 (),"경영대학 글로벌비즈니스학전공 전용강좌, 중국어",
전학년,성서와인간이해,2,2,N,김진옥,5012,0,250,,"미래융합대학 전용강좌, 온라인(원격수업)",❌
전학년,채플,0,1,Y,교목실S,5013,0,400,수 11:00~11:50 (S11001),N/P,
전학년,채플,0,1,Y,교목실S,5014,0,400,수 12:00~12:50 (S11001),N/P,
전학년,채플,0,1,Y,교목실S,5015,0,400,수 16:00~16:50 (S11001),N/P,
전학년,채플,0,1,Y,교목실S,5016,0,400,수 17:00~17:50 (S11001),N/P,
전학년,채플,0,1,Y,교목실S,5017,0,400,화 11:00~11:50 (S11001),N/P,
전학년,채플,0,1,Y,교목실S,5018,0,400,화 12:00~12:50 (S11001),N/P,
전학년,채플,0,1,Y,교목실S,5019,0,400,화 16:00~16:50 (S11001),N/P,
전학년,채플,0,1,Y,교목실S,5020,0,400,화 17:00~17:50 (S11001),N/P,
전학년,채플,0,1,Y,교목실S,5021,0,400,수 19:30~20:15 (S11001),"미래융합대학 전용강좌, N/P",
전학년,현대사회와기독교윤리,2,2,N,조내연,5022,0,55,월 10:00~11:50 (S1233),,
전학년,현대사회와기독교윤리,2,2,N,강안일,5023,0,55,수 11:00~12:50 (S1221),아너칼리지 자율전공학부(인문) 전용강좌,
전학년,현대사회와기독교윤리,2,2,N,박광우,5024,0,55,월 10:00~11:50 (S1221),,
전학년,현대사회와기독교윤리,2,2,N,박종현,5025,0,55,화 15:00~16:50 (S4115),,
전학년,현대사회와기독교윤리,2,2,N,백성우,5026,0,55,수 14:00~15:50 (S1221),아너칼리지 자율전공학부(인문) 전용강좌,❌
전학년,현대사회와기독교윤리,2,2,N,소요한,5027,0,55,수 10:00~11:50 (S4525),아너칼리지 자율전공학부(인문) 전용강좌,❌
전학년,현대사회와기독교윤리,2,2,N,소요한,5028,0,55,화 10:00~11:50 (S4525),,❌
전학년,현대사회와기독교윤리,2,2,N,손승호,5029,0,55,수 13:00~14:50 (S4115),아너칼리지 자율전공학부(인문) 전용강좌,
전학년,현대사회와기독교윤리,2,2,N,손승호,5030,0,55,수 15:00~16:50 (S4115),아너칼리지 자율전공학부(인문) 전용강좌,
전학년,현대사회와기독교윤리,2,2,N,송훈,5031,0,55,화 13:00~14:50 (S4112),,
전학년,현대사회와기독교윤리,2,2,N,송훈,5032,0,55,화 15:00~16:50 (S4112),,
전학년,현대사회와기독교윤리,2,2,N,오화철,5033,0,55,목 13:00~14:50 (S4112),,❌
전학년,현대사회와기독교윤리,2,2,N,이명훈,5034,0,55,화 13:00~14:50 (S4327),,
전학년,현대사회와기독교윤리,2,2,N,이명훈,5035,0,55,화 15:00~16:50 (S4327),,
전학년,현대사회와기독교윤리,2,2,N,김진옥,5036,0,200,,"미래융합대학 전용강좌, 온라인(원격수업)",❌
전학년,종교와과학,2,2,N,장재호,5037,0,55,수 09:00~10:50 (S1233),,
전학년,종교와과학,2,2,N,장재호,5038,0,55,수 11:00~12:50 (S1233),,
전학년,글쓰기,3,3,N,주민재,5039,0,30,월 12:00~13:15 (S1254)  수 12:00~13:15 (S1254),외국인학생의 경우 Topik 4-5급 이상만 수강가능,
전학년,글쓰기,3,3,N,최규수,5040,0,30,월 10:30~11:45 (S1325)  수 10:30~11:45 (S1325),외국인학생의 경우 Topik 4-5급 이상만 수강가능,
전학년,글쓰기,3,3,N,최규수,5041,0,30,월 12:00~13:15 (S1325)  수 12:00~13:15 (S1325),외국인학생의 경우 Topik 4-5급 이상만 수강가능,
전학년,글쓰기,3,3,N,최규수,5042,0,30,월 13:30~14:45 (S1325)  수 13:30~14:45 (S1325),외국인학생의 경우 Topik 4-5급 이상만 수강가능,
전학년,글쓰기,3,3,N,최규수,5043,0,30,월 15:00~16:15 (S1325)  수 15:00~16:15 (S1325),외국인학생의 경우 Topik 4-5급 이상만 수강가능,
전학년,글쓰기,3,3,N,최규수,5044,0,30,화 13:30~14:45 (S1325)  목 13:30~14:45 (S1325),외국인학생의 경우 Topik 4-5급 이상만 수강가능,
전학년,글쓰기,3,3,N,최규수,5045,0,30,화 15:00~16:15 (S1325)  목 15:00~16:15 (S1325),외국인학생의 경우 Topik 4-5급 이상만 수강가능,
전학년,글쓰기,3,3,N,육민수,5046,0,30,화 10:30~11:45 (S4507)  목 10:30~11:45 (S4507),외국인학생의 경우 Topik4-5급 이상만 수강 가능,
전학년,글쓰기,3,3,N,육민수,5047,0,30,화 12:00~13:15 (S4507)  목 12:00~13:15 (S4507),외국인학생의 경우 Topik4-5급 이상만 수강 가능,
전학년,글쓰기,3,3,N,이영아,5048,0,30,월 13:30~14:45 (S1209)  수 13:30~14:45 (S1209),외국인학생의 경우 Topik4-5급 이상만 수강 가능,
전학년,글쓰기,3,3,N,이영아,5049,0,30,월 15:00~16:15 (S1209)  수 15:00~16:15 (S1209),외국인학생의 경우 Topik4-5급 이상만 수강 가능,
전학년,글쓰기,3,3,N,김지연,5050,0,30,월 15:00~16:15 (S4427)  수 15:00~16:15 (S4427),,❌
전학년,글쓰기,3,3,N,김우필,5051,0,32,토 09:00~11:50 (),미래융합대학 2026학번 신입생 전용강좌,
전학년,글쓰기,3,3,N,김우필,5052,0,32,토 13:00~15:50 (),미래융합대학 2026학번 신입생 전용강좌,
전학년,글쓰기,3,3,N,이현주,5053,0,32,,미래융합대학 2026학번 신입생 전용강좌,❌
전학년,글쓰기,3,3,N,이현주,5054,0,32,,미래융합대학 2026학번 신입생 전용강좌,❌
전학년,글쓰기,3,3,N,김택호,5055,0,32,토 09:00~11:50 (),미래융합대학 2026학번 신입생 전용강좌,
전학년,글쓰기,3,3,N,김택호,5056,0,32,토 13:00~15:50 (),미래융합대학 2026학번 신입생 전용강좌,
전학년,글쓰기,3,3,N,문원경,5057,0,25,화 10:00~12:45 (S4115),미래융합대학 웝툰콘텐츠학과 전용강좌,
전학년,글쓰기,3,3,N,이현우,5058,0,30,토 09:00~11:50 (),미래융합대학 2026학번 신입생 전용강좌,
전학년,글쓰기,3,3,N,이현우,5059,0,30,토 13:00~15:50 (),미래융합대학 2026학번 신입생 전용강좌,
전학년,글쓰기,3,3,N,천춘화,5060,0,30,화 12:00~14:45 (S4217),외국인학생 전용강좌,
전학년,글쓰기,3,3,N,천춘화,5061,0,30,화 15:00~17:45 (S4217),외국인학생 전용강좌,
전학년,글쓰기,3,3,N,변성연,5062,0,30,월 13:30~16:15 (S4217),"외국인학생 전용강좌, 원어강의(중국어)",❌
전학년,발표와토의,3,3,N,장혜영,5063,0,30,화 13:30~14:45 (S1321)  목 13:30~14:45 (S1321),외국인학생의 경우 TOPIK4-5급 이상만 수강 가능,
전학년,발표와토의,3,3,N,장혜영,5064,0,30,화 15:00~16:15 (S1321)  목 15:00~16:15 (S1321),외국인학생의 경우 TOPIK4-5급 이상만 수강 가능,
전학년,발표와토의,3,3,N,주민재,5065,0,30,화 12:00~13:15 (S1254)  목 12:00~13:15 (S1254),외국인학생의 경우 Topik4-5급 이상만 수강 가능,
전학년,발표와토의,3,3,N,육민수,5066,0,30,월 15:00~16:15 (S4507)  수 15:00~16:15 (S4507),외국인학생의 경우 Topik4-5급 이상만 수강 가능,
전학년,발표와토의,3,3,N,육민수,5067,0,30,월 16:30~17:45 (S4507)  수 16:30~17:45 (S4507),외국인학생의 경우 Topik4-5급 이상만 수강 가능,
전학년,발표와토의,3,3,N,이영아,5068,0,30,화 15:00~16:15 (S1209)  목 15:00~16:15 (S1209),외국인학생의 경우 Topik4-5급 이상만 수강 가능,
전학년,발표와토의,3,3,N,이영아,5069,0,30,화 16:30~17:45 (S1209)  목 16:30~17:45 (S1209),외국인학생의 경우 Topik4-5급 이상만 수강 가능,
전학년,발표와토의,3,3,N,이현주,5070,0,30,수 12:00~14:45 (),외국인학생 전용강좌,❌
전학년,발표와토의,3,3,N,이현주,5071,0,30,수 15:00~17:45 (),외국인학생 전용강좌,❌
전학년,영어1,2,2,N,전미경,5072,0,32,월 10:00~10:50 (S1246)  수 10:00~10:50 (S1246),,
전학년,영어1,2,2,N,전미경,5073,0,32,월 11:00~11:50 (S1246)  수 11:00~11:50 (S1246),,
전학년,영어1,2,2,N,전미경,5074,0,32,월 12:00~12:50 (S1246)  수 12:00~12:50 (S1246),,
전학년,영어1,2,2,N,전미경,5075,0,32,월 14:00~14:50 (S1246)  수 14:00~14:50 (S1246),,
전학년,영어1,2,2,N,전미경,5076,0,32,월 15:00~15:50 (S1246)  수 15:00~15:50 (S1246),,
전학년,영어1,2,2,N,전미경,5077,0,32,화 10:00~10:50 (S1246)  목 10:00~10:50 (S1246),,
전학년,영어1,2,2,N,전미경,5078,0,32,화 11:00~11:50 (S1246)  목 11:00~11:50 (S1246),,
전학년,영어1,2,2,N,전미경,5079,0,32,화 14:00~14:50 (S1246)  목 14:00~14:50 (S1246),,
전학년,영어1,2,2,N,홍유미,5080,0,32,월 11:00~11:50 (S1241)  수 11:00~11:50 (S1241),,
전학년,영어1,2,2,N,홍유미,5081,0,32,월 12:00~12:50 (S1241)  수 12:00~12:50 (S1241),,
전학년,영어1,2,2,N,홍유미,5082,0,32,월 14:00~14:50 (S1241)  수 14:00~14:50 (S1241),,
전학년,영어1,2,2,N,홍유미,5083,0,32,월 15:00~15:50 (S1241)  수 15:00~15:50 (S1241),,
전학년,영어1,2,2,N,황은경,5084,0,32,월 10:00~10:50 (S10304)  수 10:00~10:50 (S10304),,
전학년,영어1,2,2,N,황은경,5085,0,32,월 11:00~11:50 (S10304)  수 11:00~11:50 (S10304),,
전학년,영어1,2,2,N,황은경,5086,0,32,월 13:00~13:50 (S10304)  수 13:00~13:50 (S10304),,
전학년,영어1,2,2,N,황은경,5087,0,32,월 14:00~14:50 (S10304)  수 14:00~14:50 (S10304),,
전학년,영어1,2,2,N,황은경,5088,0,32,화 10:00~10:50 (S10304)  목 10:00~10:50 (S10304),,
전학년,영어1,2,2,N,황은경,5089,0,32,화 11:00~11:50 (S10304)  목 11:00~11:50 (S10304),,
전학년,영어1,2,2,N,황은경,5090,0,32,화 14:00~14:50 (S10304)  목 14:00~14:50 (S10304),,
전학년,영어1,2,2,N,황은경,5091,0,32,화 15:00~15:50 (S10304)  목 15:00~15:50 (S10304),,
전학년,영어2,2,2,N,방영주,5092,0,32,월 11:00~11:50 (S1213)  수 11:00~11:50 (S1213),,❌
전학년,영어2,2,2,N,방영주,5093,0,32,월 14:00~14:50 (S1213)  수 14:00~14:50 (S1213),,❌
전학년,영어2,2,2,N,방영주,5094,0,32,월 15:00~15:50 (S1213)  수 15:00~15:50 (S1213),,❌
전학년,영어2,2,2,N,방영주,5095,0,32,화 11:00~11:50 (S1213)  목 11:00~11:50 (S1213),,❌
전학년,영어2,2,2,N,방영주,5096,0,32,화 14:00~14:50 (S1213)  목 14:00~14:50 (S1213),,❌
전학년,영어2,2,2,N,방영주,5097,0,32,화 15:00~15:50 (S1213)  목 15:00~15:50 (S1213),,❌
전학년,영어2,2,2,N,김명옥,5098,0,30,수 18:40~20:15 (),미래융합대학 전용강좌,❌
전학년,영어2,2,2,N,남은희,5099,0,32,수 18:40~20:15 (),미래융합대학 전용강좌,
전학년,영어2,2,2,N,미배정,5100,0,32,수 18:40~20:15 (),미래융합대학 전용강좌,❌
전학년,영어2,2,2,N,미배정,5101,0,32,,미래융합대학 전용강좌,❌
전학년,영어2,2,2,N,방영주,5102,0,26,수 18:40~20:15 (S1213),미래융합대학 전용강좌,❌
전학년,영어2,2,2,N,서영미,5103,0,32,수 18:40~20:15 (),미래융합대학 전용강좌,❌
전학년,영어2,2,2,N,이기일,5104,0,30,수 18:40~20:15 (),미래융합대학 전용강좌,
전학년,영어회화1,1,2,N,매튜어월트,5105,0,20,월 10:00~10:50 (S10113)  수 10:00~10:50 (S10113),,
전학년,영어회화1,1,2,N,매튜어월트,5106,0,20,월 11:00~11:50 (S10113)  수 11:00~11:50 (S10113),,
전학년,영어회화1,1,2,N,매튜어월트,5107,0,20,월 12:00~12:50 (S10113)  수 12:00~12:50 (S10113),,
전학년,영어회화1,1,2,N,매튜어월트,5108,0,20,월 13:00~13:50 (S10113)  수 13:00~13:50 (S10113),,
전학년,영어회화1,1,2,N,매튜어월트,5109,0,20,화 12:00~12:50 (S10113)  목 12:00~12:50 (S10113),,
전학년,영어회화1,1,2,N,매튜어월트,5110,0,20,화 13:00~13:50 (S10113)  목 13:00~13:50 (S10113),,
전학년,영어회화1,1,2,N,매튜어월트,5111,0,20,화 14:00~14:50 (S10113)  목 14:00~14:50 (S10113),,
전학년,영어회화1,1,2,N,매튜어월트,5112,0,20,화 15:00~15:50 (S10113)  목 15:00~15:50 (S10113),,
전학년,영어회화1,1,2,N,메이어호퍼,5113,0,20,월 11:00~11:50 (S10112)  수 11:00~11:50 (S10112),,
전학년,영어회화1,1,2,N,메이어호퍼,5114,0,20,월 12:00~12:50 (S10112)  수 12:00~12:50 (S10112),,
전학년,영어회화1,1,2,N,메이어호퍼,5115,0,20,월 14:00~14:50 (S10112)  수 14:00~14:50 (S10112),,
전학년,영어회화1,1,2,N,메이어호퍼,5116,0,20,월 15:00~15:50 (S10112)  수 15:00~15:50 (S10112),,
전학년,영어회화1,1,2,N,메이어호퍼,5117,0,20,월 16:00~16:50 (S10112)  수 16:00~16:50 (S10112),,
전학년,영어회화1,1,2,N,메이어호퍼,5118,0,20,화 10:00~10:50 (S10112)  목 10:00~10:50 (S10112),,
전학년,영어회화1,1,2,N,메이어호퍼,5119,0,20,화 11:00~11:50 (S10112)  목 11:00~11:50 (S10112),,
전학년,영어회화1,1,2,N,메이어호퍼,5120,0,20,화 12:00~12:50 (S10112)  목 12:00~12:50 (S10112),,
전학년,영어회화1,1,2,N,메이어호퍼,5121,0,20,화 14:00~14:50 (S10112)  목 14:00~14:50 (S10112),,
전학년,영어회화1,1,2,N,메이어호퍼,5122,0,20,화 15:00~15:50 (S10112)  목 15:00~15:50 (S10112),,
전학년,영어회화1,1,2,N,숀마이클프라이,5123,0,20,금 10:00~11:50 (S10118),,
전학년,영어회화1,1,2,N,숀마이클프라이,5124,0,20,월 10:00~10:50 (S10118)  수 10:00~10:50 (S10118),,
전학년,영어회화1,1,2,N,숀마이클프라이,5125,0,20,월 11:00~11:50 (S10118)  수 11:00~11:50 (S10118),,
전학년,영어회화1,1,2,N,숀마이클프라이,5126,0,20,월 12:00~12:50 (S10118)  수 12:00~12:50 (S10118),,
전학년,영어회화1,1,2,N,숀마이클프라이,5127,0,20,월 13:00~13:50 (S10118)  수 13:00~13:50 (S10118),,
전학년,영어회화1,1,2,N,숀마이클프라이,5128,0,20,월 14:00~14:50 (S10118)  수 14:00~14:50 (S10118),,
전학년,영어회화1,1,2,N,숀마이클프라이,5129,0,20,화 10:00~10:50 (S10118)  목 10:00~10:50 (S10118),,
전학년,영어회화1,1,2,N,숀마이클프라이,5130,0,20,화 11:00~11:50 (S10118)  목 11:00~11:50 (S10118),,
전학년,영어회화1,1,2,N,숀마이클프라이,5131,0,20,화 12:00~12:50 (S10118)  목 12:00~12:50 (S10118),,
전학년,영어회화1,1,2,N,숀마이클프라이,5132,0,20,화 13:00~13:50 (S10118)  목 13:00~13:50 (S10118),,
전학년,영어회화1,1,2,N,김명옥,5133,0,28,토 10:00~11:50 (),미래융합대학 전용강좌,❌
전학년,영어회화1,1,2,N,김정은,5134,0,28,토 10:00~11:50 (),미래융합대학 전용강좌,
전학년,영어회화1,1,2,N,방영주,5135,0,24,토 10:00~11:50 (),미래융합대학 전용강좌,❌
전학년,영어회화1,1,2,N,서영미,5136,0,28,토 13:00~14:50 (),미래융합대학 전용강좌,❌
전학년,영어회화1,1,2,N,오세풍,5137,0,28,토 13:00~14:50 (),미래융합대학 전용강좌,
전학년,영어회화1,1,2,N,이기일,5138,0,28,토 10:00~11:50 (),미래융합대학 전용강좌,
전학년,영어회화1,1,2,N,이기일,5139,0,28,토 13:00~14:50 (),미래융합대학 전용강좌,
전학년,영어회화2,1,2,N,딜런모건,5140,0,20,월 10:00~10:50 (S10310)  수 10:00~10:50 (S10310),,❌
전학년,영어회화2,1,2,N,딜런모건,5141,0,20,월 11:00~11:50 (S10310)  수 11:00~11:50 (S10310),,❌
전학년,영어회화2,1,2,N,딜런모건,5142,0,20,월 12:00~12:50 (S10310)  수 12:00~12:50 (S10310),,❌
전학년,영어회화2,1,2,N,딜런모건,5143,0,20,월 14:00~14:50 (S10310)  수 14:00~14:50 (S10310),,❌
전학년,영어회화2,1,2,N,딜런모건,5144,0,20,화 10:00~10:50 (S10310)  목 10:00~10:50 (S10310),,❌
전학년,영어회화2,1,2,N,딜런모건,5145,0,20,화 11:00~11:50 (S10310)  목 11:00~11:50 (S10310),,❌
전학년,영어회화2,1,2,N,딜런모건,5146,0,20,화 12:00~12:50 (S10310)  목 12:00~12:50 (S10310),,❌
전학년,영어회화2,1,2,N,딜런모건,5147,0,20,화 14:00~14:50 (S10310)  목 14:00~14:50 (S10310),,❌
전학년,영어회화2,1,2,N,딜런모건,5148,0,20,화 15:00~15:50 (S10310)  목 15:00~15:50 (S10310),,❌
전학년,영어회화2,1,2,N,매튜어월트,5149,0,20,월 14:00~14:50 (S10113)  수 14:00~14:50 (S10113),,
전학년,철학과인간,3,3,N,권향숙,5150,0,50,월 10:30~11:45 (S10301)  수 10:30~11:45 (S10301),,❌
전학년,철학과인간,3,3,N,권향숙,5151,0,50,화 10:30~11:45 (S10301)  목 10:30~11:45 (S10301),,❌
전학년,철학과인간,3,3,N,김한상,5152,0,50,금 10:30~13:15 (S1135),,❌
전학년,철학과인간,3,3,N,권향숙,5153,0,150,,"미래융합대학 전용강좌, 온라인(원격수업)",❌
전학년,한국근현대사의이해,3,3,N,김점숙,5154,0,50,월 12:00~13:15 (S10303)  수 12:00~13:15 (S10303),,❌
전학년,한국근현대사의이해,3,3,N,김점숙,5155,0,50,화 10:30~11:45 (S10303)  목 10:30~11:45 (S10303),,❌
전학년,한국근현대사의이해,3,3,N,이혜영,5156,0,50,금 10:30~13:15 (S10303),,❌
전학년,한국근현대사의이해,3,3,N,이혜영,5157,0,50,금 13:30~16:15 (S10303),,❌
전학년,역사와문명,3,3,N,강규형,5158,0,50,월 15:00~16:15 (S10303)  수 15:00~16:15 (S10303),,❌
전학년,역사와문명,3,3,N,강규형,5159,0,50,월 16:30~17:45 (S10303)  수 16:30~17:45 (S10303),,❌
전학년,역사와문명,3,3,N,박찬영,5160,0,50,화 09:00~10:15 (S4509)  목 09:00~10:15 (S4509),,
전학년,역사와문명,3,3,N,박찬영,5161,0,50,화 10:30~11:45 (S4509)  목 10:30~11:45 (S4509),,
전학년,역사와문명,3,3,N,박찬영,5162,0,50,화 12:00~13:15 (S4509)  목 12:00~13:15 (S4509),,
전학년,세계화와사회변화,3,3,N,박혜정,5163,0,55,월 10:30~11:45 (S4515)  수 10:30~11:45 (S4515),원어강의(영어),
전학년,민주주의와현대사회,3,3,N,박혜정,5164,0,50,화 10:30~11:45 (S4515)  목 10:30~11:45 (S4515),,
전학년,민주주의와현대사회,3,3,N,윤홍석,5165,0,50,수 12:00~14:45 (S4525),,
전학년,환경과인간,3,3,N,전진권,5166,0,50,월 10:30~11:45 (S4517)  수 10:30~11:45 (S4517),,
전학년,환경과인간,3,3,N,전진권,5167,0,50,월 13:30~14:45 (S4517)  수 13:30~14:45 (S4517),,
전학년,환경과인간,3,3,N,전진권,5168,0,50,화 10:30~11:45 (S4517)  목 10:30~11:45 (S4517),,
전학년,환경과인간,3,3,N,박희주,5169,0,150,,"미래융합대학 전용강좌, 온라인(원격수업)",
전학년,기독교와문화,2,2,N,김려원,5170,0,55,수 11:00~12:50 (S4112),,
전학년,기독교와문화,2,2,N,김려원,5171,0,55,수 13:00~14:50 (S4112),,
전학년,기독교와문화,2,2,N,김려원,5172,0,55,화 11:00~12:50 (S4417),,
전학년,기독교와문화,2,2,N,김려원,5173,0,60,화 13:00~14:50 (S4417),,
전학년,기독교와문화,2,2,N,박예은,5174,0,55,목 13:00~14:50 (S4417),,❌
전학년,기독교와문화,2,2,N,박예은,5175,0,55,월 12:00~13:50 (S1233),,❌
전학년,기독교와문화,2,2,N,박예은,5176,0,55,월 14:00~15:50 (S1233),,❌
전학년,기독교와문화,2,2,N,박예은,5177,0,55,화 14:00~15:50 (S4419),,❌
전학년,기독교와문화,2,2,N,박용수,5178,0,100,금 14:00~15:50 (),"경영대학 글로벌비즈니스학전공 전용강좌, 중국어",
전학년,영어3,2,2,N,여인욱,5179,0,32,월 11:00~11:50 (S1250)  수 11:00~11:50 (S1250),,❌
전학년,영어3,2,2,N,여인욱,5180,0,32,월 12:00~12:50 (S1250)  수 12:00~12:50 (S1250),,❌
전학년,영어3,2,2,N,여인욱,5181,0,32,월 14:00~14:50 (S1250)  수 14:00~14:50 (S1250),,❌
전학년,영어3,2,2,N,여인욱,5182,0,32,월 15:00~15:50 (S1250)  수 15:00~15:50 (S1250),,❌
전학년,영어3,2,2,N,여인욱,5183,0,32,월 16:00~16:50 (S1250)  수 16:00~16:50 (S1250),,❌
전학년,영어3,2,2,N,여인욱,5184,0,32,화 10:00~10:50 (S1250)  목 10:00~10:50 (S1250),,❌
전학년,영어3,2,2,N,여인욱,5185,0,32,화 11:00~11:50 (S1250)  목 11:00~11:50 (S1250),,❌
전학년,영어3,2,2,N,홍유미,5186,0,32,화 11:00~11:50 (S1241)  목 11:00~11:50 (S1241),,
전학년,영어3,2,2,N,홍유미,5187,0,32,화 12:00~12:50 (S1241)  목 12:00~12:50 (S1241),,
전학년,영어3,2,2,N,홍유미,5188,0,32,화 14:00~14:50 (S1241)  목 14:00~14:50 (S1241),,
전학년,영어3,2,2,N,홍유미,5189,0,32,화 15:00~15:50 (S1241)  목 15:00~15:50 (S1241),,
전학년,영어4,2,2,N,여인욱,5190,0,32,화 14:00~14:50 (S1250)  목 14:00~14:50 (S1250),,❌
전학년,영어회화3,1,2,N,라이언카사반트,5191,0,20,월 10:00~10:50 (S10309)  수 10:00~10:50 (S10309),,
전학년,영어회화3,1,2,N,라이언카사반트,5192,0,20,월 11:00~11:50 (S10309)  수 11:00~11:50 (S10309),,
전학년,영어회화3,1,2,N,라이언카사반트,5193,0,20,월 12:00~12:50 (S10309)  수 12:00~12:50 (S10309),,
전학년,영어회화3,1,2,N,라이언카사반트,5194,0,20,월 13:00~13:50 (S10309)  수 13:00~13:50 (S10309),,
전학년,영어회화3,1,2,N,라이언카사반트,5195,0,20,월 14:00~14:50 (S10309)  수 14:00~14:50 (S10309),,
전학년,영어회화3,1,2,N,라이언카사반트,5196,0,20,화 10:00~10:50 (S10309)  목 10:00~10:50 (S10309),,
전학년,영어회화3,1,2,N,라이언카사반트,5197,0,20,화 11:00~11:50 (S10309)  목 11:00~11:50 (S10309),,
전학년,영어회화3,1,2,N,라이언카사반트,5198,0,20,화 12:00~12:50 (S10309)  목 12:00~12:50 (S10309),,
전학년,영어회화3,1,2,N,라이언카사반트,5199,0,20,화 13:00~13:50 (S10309)  목 13:00~13:50 (S10309),,
전학년,영어회화3,1,2,N,라이언카사반트,5200,0,20,화 14:00~14:50 (S10309)  목 14:00~14:50 (S10309),,
전학년,영어회화3,1,2,N,레아메티툭,5201,0,20,금 10:00~11:50 (S10117),,
전학년,영어회화3,1,2,N,레아메티툭,5202,0,20,월 13:00~13:50 (S10117)  수 13:00~13:50 (S10117),,
전학년,영어회화3,1,2,N,레아메티툭,5203,0,20,월 14:00~14:50 (S10117)  수 14:00~14:50 (S10117),,
전학년,영어회화3,1,2,N,레아메티툭,5204,0,20,월 15:00~15:50 (S10117)  수 15:00~15:50 (S10117),,
전학년,영어회화3,1,2,N,레아메티툭,5205,0,20,월 16:00~16:50 (S10117)  수 16:00~16:50 (S10117),,
전학년,영어회화3,1,2,N,레아메티툭,5206,0,20,화 12:00~12:50 (S10117)  목 12:00~12:50 (S10117),,
전학년,영어회화3,1,2,N,레아메티툭,5207,0,20,화 13:00~13:50 (S10117)  목 13:00~13:50 (S10117),,
전학년,영어회화3,1,2,N,레아메티툭,5208,0,20,화 14:00~14:50 (S10117)  목 14:00~14:50 (S10117),,
전학년,영어회화4,1,2,N,레아메티툭,5209,0,20,월 12:00~12:50 (S10117)  수 12:00~12:50 (S10117),,
전학년,영어회화4,1,2,N,레아메티툭,5210,0,20,화 15:00~15:50 (S10117)  목 15:00~15:50 (S10117),,
전학년,글로벌문화,3,3,N,김윤정,5211,0,50,화 13:30~14:45 (S4513)  목 13:30~14:45 (S4513),,❌
전학년,글로벌문화,3,3,N,김점숙,5212,0,50,월 09:00~10:15 (S10303)  수 09:00~10:15 (S10303),,❌
전학년,글로벌문화,3,3,N,박찬영,5213,0,50,화 15:00~16:15 (S4509)  목 15:00~16:15 (S4509),온라인(블렌디드러닝),
전학년,글로벌문화,3,3,N,박찬영,5214,0,50,화 16:30~17:45 (S4509)  목 16:30~17:45 (S4509),온라인(블렌디드러닝),
전학년,고전으로읽는인문학,3,3,N,육민수,5215,0,50,월 10:30~11:45 (S4507)  수 10:30~11:45 (S4507),,
전학년,고전으로읽는인문학,3,3,N,육민수,5216,0,50,월 12:00~13:15 (S4507)  수 12:00~13:15 (S4507),,
전학년,고전으로읽는인문학,3,3,N,장혜영,5217,0,50,월 13:30~14:45 (S1321)  수 13:30~14:45 (S1321),,
전학년,고전으로읽는인문학,3,3,N,장혜영,5218,0,50,월 15:00~16:15 (S1321)  수 15:00~16:15 (S1321),,
전학년,고전으로읽는인문학,3,3,N,주민재,5219,0,50,화 13:30~14:45 (S1254)  목 13:30~14:45 (S1254),,
전학년,고전으로읽는인문학,3,3,N,주민재,5220,0,150,,"미래융합대학 전용강좌, 온라인(원격수업)",
전학년,예술과창조성,3,3,N,김윤정,5221,0,50,화 15:00~16:15 (S4513)  목 15:00~16:15 (S4513),,❌
전학년,예술과창조성,3,3,N,김윤정,5222,0,50,월 13:30~14:45 (S4513)  수 13:30~14:45 (S4513),온라인(블렌디드러닝),❌
전학년,"우주,생명,마음",3,3,N,전진권,5223,0,50,월 12:00~13:15 (S4517)  수 12:00~13:15 (S4517),,
전학년,"우주,생명,마음",3,3,N,전진권,5224,0,50,화 12:00~13:15 (S4517)  목 12:00~13:15 (S4517),,
전학년,4차산업혁명과미래사회진로선택,2,2,Y,유단,5225,0,90,화 16:00~17:45 (S4201),"경영대학 글로벌비즈니스학전공 전용강좌, 온라인(블렌디드러닝), N/P",
전학년,4차산업혁명과미래사회진로선택,2,2,Y,심명화,5226,0,1,목 16:30~18:20 (S10116),"경영대학 전용강좌, 온라인(블렌디드러닝), N/P, 경영학전공 일괄수강",❌
전학년,4차산업혁명과미래사회진로선택,2,2,Y,심준용,5227,0,1,목 16:30~18:20 (S10111),"경영대학 전용강좌, 온라인(블렌디드러닝), N/P, 경영학전공 일괄수강",❌
전학년,4차산업혁명과미래사회진로선택,2,2,Y,이한준,5228,0,1,목 16:30~18:20 (S10101),"경영대학 전용강좌, 온라인(블렌디드러닝), N/P, 경영학전공+경영정보학과 일괄수강",
전학년,4차산업혁명과미래사회진로선택,2,2,Y,윤형주,5229,0,50,월 10:00~11:50 (S1321),"미디어·휴먼라이프대학 전용강좌, 온라인(블렌디드러닝), N/P",
전학년,4차산업혁명과미래사회진로선택,2,2,Y,남시훈,5230,0,55,목 16:30~18:20 (S1415),"사회과학대학 전용강좌, 온라인(블렌디드러닝), N/P",
전학년,4차산업혁명과미래사회진로선택,2,2,Y,송재일,5231,0,55,목 10:00~11:50 (S1415),"사회과학대학 전용강좌, 온라인(블렌디드러닝), N/P",
전학년,4차산업혁명과미래사회진로선택,2,2,Y,김상균,5232,0,50,화 15:00~16:50 (),"인공지능소프트웨어융합대학 전용강좌, 온라인(블렌디드러닝), N/P",❌
전학년,4차산업혁명과미래사회진로선택,2,2,Y,문지영,5233,0,55,화 16:00~17:50 (),"인문대학 전용강좌, 온라인(블렌디드러닝), N/P",
전학년,4차산업혁명과미래사회진로선택,2,2,Y,박광현,5234,0,55,목 15:00~16:50 (S1939),"인문대학 전용강좌, 온라인(블렌디드러닝), N/P",
전학년,4차산업혁명과미래사회진로선택,2,2,Y,최선아,5235,0,55,화 13:00~14:50 (),"인문대학 전용강좌, 온라인(블렌디드러닝), N/P",
전학년,현대사회와심리학,3,3,N,진성조,5236,0,50,월 12:00~13:15 (S1217)  수 12:00~13:15 (S1217),,
전학년,현대사회와심리학,3,3,N,진성조,5237,0,50,월 15:00~16:15 (S1217)  수 15:00~16:15 (S1217),,
전학년,현대사회와심리학,3,3,N,진성조,5238,0,50,월 16:30~17:45 (S1217)  수 16:30~17:45 (S1217),,
전학년,현대사회와심리학,3,3,N,진성조,5239,0,50,화 12:00~13:15 (S1217)  목 12:00~13:15 (S1217),,
전학년,한국어연습1,1,2,N,성아영,5240,0,40,목 12:00~13:50 (S4215),TOPIK4급 미만 외국인학생 전용강좌,
전학년,한국어연습1,1,2,N,임현아,5241,0,40,화 10:00~11:50 (S4215),TOPIK4급 미만 외국인학생 전용강좌,
전학년,한국어연습1,1,2,N,장지영,5242,0,40,금 10:00~11:50 (S4415),TOPIK4급 미만 외국인학생 전용강좌,❌
전학년,한국어연습2,1,2,N,김효인,5243,0,40,목 14:00~15:50 (S4217),TOPIK4급 미만 외국인학생 전용강좌,
전학년,한국어연습2,1,2,N,나원주,5244,0,40,수 12:00~13:50 (S4219),TOPIK4급 미만 외국인학생 전용강좌,
전학년,한국어연습3,1,2,N,김가연,5245,0,40,금 12:00~13:50 (S4419),TOPIK4급 이상 외국인학생 전용강좌,
전학년,한국어연습3,1,2,N,장지영,5246,0,40,화 14:00~15:50 (),TOPIK4급 이상 외국인학생 전용강좌,❌
전학년,한국어연습4,1,2,N,홍혜준,5247,0,40,금 14:00~15:50 (S4417),TOPIK4급 이상 외국인학생 전용강좌,
전학년,한국어1,2,2,N,오민수,5248,0,40,화 12:00~13:50 (S4419),TOPIK4급 미만 외국인학생 전용강좌,
전학년,한국어1,2,2,N,장지영,5249,0,40,화 16:00~17:50 (),TOPIK4급 미만 외국인학생 전용강좌,❌
전학년,한국어1,2,2,N,홍혜준,5250,0,40,금 12:00~13:50 (S4417),TOPIK4급 미만 외국인학생 전용강좌,
전학년,한국어2,2,2,N,김가연,5251,0,35,금 10:00~11:50 (S4419),TOPIK4급 미만 외국인학생 전용강좌,
전학년,한국어2,2,2,N,성아영,5252,0,35,화 10:00~11:50 (S4217),TOPIK4급 미만 외국인학생 전용강좌,
전학년,한국어3,2,2,N,강수정,5253,0,40,화 10:00~11:50 (S4112),TOPIK4급 이상 외국인학생 전용강좌,
전학년,한국어3,2,2,N,성아영,5254,0,40,목 10:00~11:50 (S4215),TOPIK4급 이상 외국인학생 전용강좌,
전학년,한국어4,2,2,N,홍혜준,5255,0,40,금 10:00~11:50 (S4417),TOPIK4급 이상 외국인학생 전용강좌,
전학년,외국인학생을위한한국현대사,3,3,N,김민주,5256,0,40,화 15:00~17:45 (S4325),외국인학생 전용강좌,
전학년,외국인학생을위한한국현대사,3,3,N,강연,5257,0,40,수 15:00~17:45 (),"외국인학생 전용강좌, 원어강의(중국어)",
전학년,외국인학생을위한한국현대사,3,3,N,김민주,5258,0,40,월 12:00~14:45 (S4325),"외국인학생 전용강좌, 원어강의(중국어)",
전학년,외국인학생을위한한국사회의이해,3,3,N,안창모,5259,0,40,월 10:30~13:15 (S4215),외국인학생 전용강좌,
전학년,외국인학생을위한한국사회의이해,3,3,N,안창모,5260,0,40,월 13:30~16:15 (S4215),외국인학생 전용강좌,
전학년,외국인학생을위한한국문화,3,3,N,이기일,5261,0,40,수 15:00~17:45 (),외국인학생 전용강좌,
전학년,외국인학생을위한한국문화,3,3,N,김민주,5262,0,40,화 12:00~14:45 (S4325),"외국인학생 전용강좌, 원어강의(중국어)",
전학년,외국인학생을위한컴퓨터활용,3,3,N,옥정윤,5263,0,35,금 12:00~14:45 (S1150),외국인학생 전용강좌,
전학년,외국인학생을위한컴퓨터활용,3,3,N,옥정윤,5264,0,35,금 15:00~17:45 (S1150),외국인학생 전용강좌,
전학년,문화리터러시와창의적스토리텔링,3,3,N,주민재,5265,0,50,월 13:30~14:45 (S1254)  수 13:30~14:45 (S1254),,
전학년,문화리터러시와창의적스토리텔링,3,3,N,이영아,5266,0,50,화 12:00~13:15 (S1209)  목 12:00~13:15 (S1209),,
전학년,디지털리터러시의이해,2,2,Y,주민재,5267,0,200,,"2023학년도 신입생부터 수강가능, 온라인(원격수업), N/P",
전학년,디지털콘텐츠로만나는한국의문화유산,3,3,N,김점숙,5268,0,50,월 10:30~11:45 (S10303)  수 10:30~11:45 (S10303),,❌
전학년,디지털콘텐츠로만나는한국의문화유산,3,3,N,김점숙,5269,0,50,화 12:00~13:15 (S10303)  목 12:00~13:15 (S10303),,❌
전학년,디지털문화의이해,3,3,N,김윤정,5270,0,50,화 10:30~11:45 (S4513)  목 10:30~11:45 (S4513),,❌
전학년,디지털문화의이해,3,3,N,김윤정,5271,0,50,화 12:00~13:15 (S4513)  목 12:00~13:15 (S4513),,❌
전학년,파이썬을활용한데이터분석과인공지능,3,3,N,김제민,5272,0,38,수 12:00~14:45 (S4413),,
전학년,디지털사회와미래이슈,3,3,N,박혜정,5273,0,50,월 12:00~13:15 (S4515)  수 12:00~13:15 (S4515),,
전학년,AI와예술의만남,3,3,N,신상호,5274,0,50,월 10:30~13:15 (S4427),교과목명 변경 강좌(변경전: 4차산업혁명시대의예술),
전학년,비판적사고와논증,3,3,N,권향숙,5275,0,50,월 15:00~16:15 (S10301)  수 15:00~16:15 (S10301),교과목명 변경 강좌(변경전: 4차산업혁명을위한비판적사고),❌
전학년,사회적다양성과공동체,3,3,N,박혜정,5276,0,50,월 13:30~14:45 (S4515)  수 13:30~14:45 (S4515),교과목명 변경 강좌(변경전:여성소수자공동체),
전학년,사회적다양성과공동체,3,3,N,이중엽,5277,0,50,화 13:30~14:45 (S4519)  목 13:30~14:45 (S4519),교과목명 변경 강좌(변경전:여성소수자공동체),
전학년,사회적다양성과공동체,3,3,N,차민정,5278,0,50,월 10:30~11:45 (S4415)  수 10:30~11:45 (S4415),교과목명 변경 강좌(변경전:여성소수자공동체),
전학년,사회적다양성과공동체,3,3,N,박혜정,5279,0,150,,"미래융합대학 전용강좌, 온라인(원격수업), 교과목명 변경 강좌(변경전:여성소수자공동체)",
전학년,통합적커뮤니케이션,3,3,N,주민재,5280,0,50,월 15:00~16:15 (S1254)  수 15:00~16:15 (S1254),교과목명 변경 강좌(변경전: 직무수행과전략적의사소통),
전학년,창업과공동체,3,3,N,김경찬,5281,0,55,월 10:30~13:15 (S4502),교과목명 변경 강좌(변경전: 창업입문),
전학년,창업과공동체,3,3,N,김경찬,5282,0,55,월 13:30~16:15 (S4502),교과목명 변경 강좌(변경전: 창업입문),
전학년,컴퓨팅사고와코딩입문,3,3,N,강성희,5283,0,35,수 12:00~14:45 (S1150),교과목명 변경 강좌(변경전: SW프로그래밍입문),
전학년,컴퓨팅사고와코딩입문,3,3,N,강성희,5284,0,35,화 15:00~17:45 (S1150),교과목명 변경 강좌(변경전: SW프로그래밍입문),
전학년,현대인의삶과가치,3,3,N,강순전,5285,0,50,월 15:00~16:15 (S4517)  수 15:00~16:15 (S4517),,
전학년,현대인의삶과가치,3,3,N,권향숙,5286,0,50,월 12:00~13:15 (S10301)  수 12:00~13:15 (S10301),,❌
전학년,현대인의삶과가치,3,3,N,김한상,5287,0,50,목 10:30~13:15 (S1135),,❌
전학년,인공지능입문,3,3,N,김제민,5288,0,38,수 09:00~11:45 (S4413),교과목명 변경 강좌(변경전: 인공지능의세계),
전학년,인공지능입문,3,3,N,김제민,5289,0,38,화 15:00~17:45 (S4413),교과목명 변경 강좌(변경전: 인공지능의세계),
전학년,한국사의이해,3,3,N,박미선,5290,0,55,월 10:30~11:45 (S4513)  수 10:30~11:45 (S4513),,
전학년,한국사의이해,3,3,N,박미선,5291,0,55,월 12:00~13:15 (S4513)  수 12:00~13:15 (S4513),,
전학년,결혼과가족,3,3,N,이지선,5292,0,55,월 09:00~11:45 (S4115),,❌
전학년,동양사의이해,3,3,N,장호영,5293,0,55,월 13:30~14:45 (S4419)  수 13:30~14:45 (S4419),,
전학년,서양사의이해,3,3,N,나영순,5294,0,55,목 15:00~17:45 (S4502),,
전학년,인간심리의이해,3,3,N,김지영,5295,0,200,,"미래융합대학 전용강좌, 온라인(원격수업)",
전학년,아랍의언어와문화,3,3,N,김성환,5296,0,55,화 13:30~14:45 (S1850)  목 13:30~14:45 (S1850),,
전학년,아랍의언어와문화,3,3,N,이복례,5297,0,55,화 16:30~17:45 (S1741)  목 16:30~17:45 (S1741),,
전학년,중국의언어와문화,3,3,N,최재용,5298,0,55,월 13:30~14:45 (S4509)  수 13:30~14:45 (S4509),,
전학년,중국의언어와문화,3,3,N,최재용,5299,0,55,월 15:00~16:15 (S4509)  수 15:00~16:15 (S4509),,
전학년,역사란무엇인가,3,3,N,강원묵,5300,0,55,월 12:00~14:45 (S1135),,❌
전학년,철학산책,3,3,N,김한상,5301,0,55,화 15:00~17:45 (S1254),,❌
전학년,철학산책,3,3,N,김준성,5302,0,150,,온라인(원격수업),❌
전학년,일본의언어와문화,3,3,N,노유니아,5303,0,55,수 12:00~14:45 (S1135),,
전학년,일본의언어와문화,3,3,N,이재훈,5304,0,55,월 12:00~14:45 (S4115),,
전학년,일본의언어와문화,3,3,N,하혜주,5305,0,55,목 15:00~17:45 (S4415),,
전학년,일본의언어와문화,3,3,N,이미숙,5306,0,150,,"미래융합대학 전용강좌, 온라인(원격수업)",
전학년,창조적상상력과인간,3,3,N,안주철,5307,0,55,목 15:00~17:45 (S4511),,
전학년,창조적상상력과인간,3,3,N,우유진,5308,0,55,수 15:00~17:45 (S1135),,
전학년,한국문화와문자생활,3,3,N,남재철,5309,0,55,월 16:30~17:45 (S1325)  수 16:30~17:45 (S1325),,
전학년,지식정보활용,3,3,N,오세훈,5310,0,55,목 12:00~14:45 (S1958),,
전학년,지식정보활용,3,3,N,오세훈,5311,0,55,화 10:30~13:15 (S1958),,
전학년,한국전통문화의이해,3,3,N,김태홍,5312,0,55,수 12:00~14:45 (),,
전학년,장르영화로읽는한국사회,3,3,N,김희용,5313,0,55,화 10:30~11:45 (S4427)  목 10:30~11:45 (S4427),,
전학년,인문콘텐츠의이해,3,3,N,김기리,5314,0,55,월 13:30~16:15 (S4525),,
전학년,인문콘텐츠의이해,3,3,N,정창미,5315,0,55,화 13:30~16:15 (S10303),,❌
전학년,아시아역사와문화,3,3,N,미배정,5316,0,55,,원어강의(영어),❌
전학년,문화콘텐츠의감상과비평,3,3,N,김유리,5317,0,55,월 13:30~14:45 (S4415)  수 13:30~14:45 (S4415),,❌
전학년,행복의심리학,3,3,N,이현주,5318,0,55,화 12:00~13:15 (S4519)  목 12:00~13:15 (S4519),,
전학년,현대사회와배려윤리,3,3,N,이중엽,5319,0,55,월 12:00~13:15 (S4519)  수 12:00~13:15 (S4519),,
전학년,현대사회와배려윤리,3,3,N,이중엽,5320,0,55,화 16:30~17:45 (S4519)  목 16:30~17:45 (S4519),,
전학년,배려의소통기법,3,3,N,김희용,5321,0,55,화 12:00~13:15 (S4427)  목 12:00~13:15 (S4427),,
전학년,농문화이해와한국수어의실제,3,3,N,김경원,5322,0,55,수 13:30~16:15 (S4501),,❌
전학년,배려의행복학,3,3,N,문서연,5323,0,55,화 15:00~17:45 (S4507),,
전학년,동양의지혜,3,3,N,김한상,5324,0,150,,온라인(원격수업),❌
전학년,동양의지혜,3,3,N,박성규,5325,0,55,월 13:30~16:15 (S4112),,❌
전학년,서양의지혜,3,3,N,김대현,5326,0,55,수 13:30~16:15 (S4528),,
전학년,서양의지혜,3,3,N,이정은,5327,0,55,월 13:30~16:15 (S4528),,
전학년,문예의이론과실제,3,3,N,손은지,5328,0,55,화 12:00~14:45 (S4525),,❌
전학년,문학과사회,3,3,N,이영주,5329,0,55,화 15:00~17:45 (S4515),,❌
전학년,동양미술사입문,3,3,N,김영은,5330,0,55,수 13:30~16:15 (),,
전학년,한국미술사입문,3,3,N,미배정,5331,0,55,화 13:30~16:15 (),,❌
전학년,서양미술사입문,3,3,N,김호정,5332,0,55,화 10:30~13:15 (S4502),,❌
전학년,음악감상법,3,3,N,강규형,5333,0,55,월 13:30~14:45 (S10303)  수 13:30~14:45 (S10303),,❌
전학년,디자인개론,3,3,N,김현주,5334,0,55,금 13:30~16:15 (S4505),,❌
전학년,미술사의이해,3,3,N,미배정,5335,0,55,월 10:30~13:15 (S4327),,❌
전학년,음식으로읽는중국문학,3,3,N,김명구,5336,0,55,화 13:30~14:45 (S4427)  목 13:30~14:45 (S4427),,❌
전학년,다채로운음악세계의이해,3,3,N,문소영,5337,0,55,월 13:30~14:45 (S4427)  수 13:30~14:45 (S4427),,
전학년,인류문명과기록문화로의여행,3,3,N,김영석,5338,0,150,,온라인(원격수업),❌
전학년,일본어로배우는일본의사회와문화,3,3,N,이미숙,5339,0,150,,온라인(원격수업),
전학년,모두함께배우는글로벌사회와문화,3,3,N,박소희,5340,0,55,화 12:00~14:45 (S1135),원어강의(영어),
전학년,세계음식문화,3,3,N,김지향,5341,0,55,화 10:30~11:45 (S4415)  목 10:30~11:45 (S4415),,
전학년,이슬람문명의역사와문화기행,3,3,N,김정명,5342,0,150,,온라인(원격수업),
전학년,사회문화와디자인,3,3,N,최현호,5343,0,60,수 20:20~22:45 (),미래융합대학 멀티디자인학과 전용강좌,
전학년,문학과철학,3,3,N,이정은,5344,0,55,수 13:30~16:15 (),,
전학년,법학개론,3,3,N,홍명수,5345,0,55,월 12:00~13:15 (S1539)  수 12:00~13:15 (S1539),,
전학년,국제정치의이해,3,3,N,이원동,5346,0,55,수 10:30~13:15 (S4511),원어강의(영어),
전학년,국제정치의이해,3,3,N,윤홍석,5347,0,55,수 15:00~17:45 (S4525),,
전학년,국제정치의이해,3,3,N,윤홍석,5348,0,55,화 15:00~17:45 (S4525),,
전학년,대중문화와매스컴,3,3,N,유성식,5349,0,55,화 13:30~16:15 (S4502),,
전학년,대중문화와매스컴,3,3,N,유재희,5350,0,55,수 13:00~15:50 (S4505),,
전학년,대중문화와매스컴,3,3,N,유재희,5351,0,55,화 13:00~15:50 (S4505),,
전학년,인터넷과커뮤니케이션,3,3,N,조민정,5352,0,55,목 15:00~17:45 (S4525),,❌
전학년,경상통계학,3,3,N,문선웅,5353,0,1,화 15:00~16:15 (S10305)  목 15:00~16:15 (S10305),경영대학 전용강좌,
전학년,경상통계학,3,3,N,장영순,5354,0,1,,"경영대학 전용강좌, 온라인(원격수업), 온라인주3시간(시간표상 시간은 중간/기말시험용)",❌
전학년,경상통계학,3,3,N,문선웅,5355,0,58,화 13:30~14:45 (S10305)  목 13:30~14:45 (S10305),,
전학년,행정학개론,3,3,N,김영재,5356,0,55,월 09:00~10:15 (S1415)  수 09:00~10:15 (S1415),,
전학년,행정학개론,3,3,N,김영재,5357,0,55,월 10:30~11:45 (S1415)  수 10:30~11:45 (S1415),,
전학년,인간관계와커뮤니케이션,3,3,N,강재호,5358,0,55,수 10:00~12:45 (S4502),,
전학년,인간관계와커뮤니케이션,3,3,N,유성식,5359,0,55,수 13:30~16:15 (S4502),,
전학년,미시경제학원론,3,3,N,신승용,5360,0,55,화 10:30~11:45 (S1321)  목 10:30~11:45 (S1321),,
전학년,미시경제학원론,3,3,N,우석진,5361,0,55,월 13:30~14:45 (S1441)  수 13:30~14:45 (S1441),,❌
전학년,미시경제학원론,3,3,N,조미진,5362,0,58,화 10:30~11:45 (S1419)  목 10:30~11:45 (S1419),,
전학년,거시경제학원론,3,3,N,미배정,5363,0,60,수 20:20~22:45 (),미래융합대학 부동산학과 전용강좌,❌
전학년,거시경제학원론,3,3,N,신승용,5364,0,55,화 09:00~10:15 (S1321)  목 09:00~10:15 (S1321),,
전학년,청소년지도학,3,3,N,조선경,5365,0,55,월 10:30~11:45 (S4509)  수 10:30~11:45 (S4509),,
전학년,청소년지도학,3,3,N,조선경,5366,0,55,월 12:00~13:15 (S4509)  수 12:00~13:15 (S4509),,
전학년,사회복지실천론,3,3,N,최소연,5367,0,55,월 09:00~11:45 (S4112),,❌
전학년,기업과경영,2,2,N,배연경,5368,0,55,수 13:30~14:50 (S4417),원어강의(영어),❌
전학년,사회복지개론,3,3,N,이중엽,5369,0,55,월 10:30~11:45 (S4519)  수 10:30~11:45 (S4519),,
전학년,사회복지개론,3,3,N,이중엽,5370,0,55,화 10:30~11:45 (S4519)  목 10:30~11:45 (S4519),,
전학년,경제학원론,3,3,N,YOU JANE J,5371,0,55,목 09:00~11:45 (S1325),,
전학년,경제학원론,3,3,N,조미진,5372,0,60,월 12:00~13:15 (S10201)  수 12:00~13:15 (S10201),,
전학년,경제학원론,3,3,N,최창규,5373,0,55,화 15:00~17:45 (S4415),,
전학년,경제학원론,3,3,N,권영민,5374,0,1,월 13:30~14:45 (S10201)  수 13:30~14:45 (S10201),"경영대학 전용강좌, 일괄수강",
전학년,경제학원론,3,3,N,권영민,5375,0,1,월 15:00~16:15 (S10201)  수 15:00~16:15 (S10201),"경영대학 전용강좌, 일괄수강",
전학년,경제학원론,3,3,N,남시훈,5376,0,1,화 13:30~14:45 (S1415)  목 13:30~14:45 (S1415),"경영대학 전용강좌, 일괄수강",
전학년,경제학원론,3,3,N,남시훈,5377,0,1,화 15:00~16:15 (S1415)  목 15:00~16:15 (S1415),"경영대학 전용강좌, 일괄수강",
전학년,경제학원론,3,3,N,신현탁,5378,0,1,화 09:00~10:15 (S10110)  목 09:00~10:15 (S10110),"경영대학 전용강좌, 일괄수강",
전학년,경제학원론,3,3,N,YOU JANE J,5379,0,55,화 09:00~11:45 (S1325),원어강의(영어),
전학년,직업생활과법,3,3,N,이종훈,5380,0,55,화 09:00~10:15 (S1658)  목 09:00~10:15 (S1658),,
전학년,직업생활과법,3,3,N,고범승,5381,0,60,수 20:20~22:45 (),미래융합대학 전용강좌,❌
전학년,생활법률,3,3,N,석호영,5382,0,60,수 19:30~21:55 (S1325),미래융합대학 전용강좌,❌
전학년,법률문장론,3,3,N,김주영,5383,0,55,월 15:00~16:15 (S1419)  수 15:00~16:15 (S1419),,
전학년,법과제도,3,3,N,권경선,5384,0,55,수 12:00~14:45 (),,
전학년,다문화사회의이해,3,3,N,김용한,5385,0,55,월 13:30~14:45 (S4327)  수 13:30~14:45 (S4327),,
전학년,다문화사회의이해,3,3,N,이중엽,5386,0,55,월 15:00~16:15 (S4519)  수 15:00~16:15 (S4519),,
전학년,저작권과소프트웨어,3,3,N,공경식,5387,0,55,월 10:30~13:15 (S4511),,
전학년,경제학들어가기,3,3,N,신승용,5388,0,60,수 19:30~21:55 (),미래융합대학 전용강좌,
전학년,유라시아의이해,3,3,N,설명진,5389,0,55,목 10:30~13:15 (S4505),,
전학년,유라시아의이해,3,3,N,설명진,5390,0,55,목 13:30~16:15 (S4505),,
전학년,유라시아의이해,3,3,N,이지수,5391,0,55,월 09:00~10:15 (S1641)  수 09:00~10:15 (S1641),,
전학년,아시아의국제관계,3,3,N,배연경,5392,0,55,월 10:30~13:15 (S4419),원어강의(영어),❌
전학년,아시아문화관광경영,3,3,N,미배정,5393,0,55,,원어강의(중국어),❌
전학년,MJ사회봉사,3,3,Y,이재성,5394,0,55,목 17:50~20:15 (),N/P,
전학년,MJ사회봉사,3,3,Y,이재성,5395,0,55,수 17:50~20:15 (),N/P,
전학년,현대한국정치의쟁점,3,3,N,윤종빈,5396,0,250,,온라인(원격수업),
전학년,놀이혁명과창의성,3,3,N,문서연,5397,0,55,목 15:00~17:45 (S4507),,
전학년,놀이혁명과창의성,3,3,N,박윤현,5398,0,55,화 13:30~14:45 (S4517)  목 13:30~14:45 (S4517),,
전학년,현대세계의분쟁과평화,3,3,N,최지현,5399,0,55,월 13:30~14:45 (S4519)  수 13:30~14:45 (S4519),,❌
전학년,디지털시대인공지능(A.I.)과법,3,3,N,송재일,5400,0,150,,온라인(원격수업),
전학년,쉽게배우는글로벌기업전략,3,3,N,최원정,5401,0,55,수 13:30~16:15 (),원어강의(영어),
전학년,시장경제와기업,2,2,Y,김태황,5402,0,55,화 15:00~16:50 (S10110),"N/P, 외부전문가 초빙, 옴니버스강의",❌
전학년,창업시뮬레이션,3,3,Y,복정인,5403,0,55,금 09:00~11:45 (S4505),N/P,❌
전학년,통합적커리어탐색:취업과창업,2,2,N,김서영,5404,0,55,목 10:00~11:50 (S4325),,
전학년,통합적커리어탐색:취업과창업,2,2,N,김서영,5405,0,55,목 12:00~13:50 (S4325),,
1학년,경영학입문,3,3,N,유단,5406,0,100,화 13:00~15:45 (S4201),"경영대학 글로벌비즈니스학전공 전용강좌, 중국어",
1학년,경영학입문,3,3,N,김재구,5407,0,1,화 09:00~10:15 (S10101)  목 09:00~10:15 (S10101),"경영대학 전용강좌, 일괄수강",❌
1학년,경영학입문,3,3,N,이종선,5408,0,1,화 10:30~11:45 (S10201)  목 10:30~11:45 (S10201),"경영대학 전용강좌, 일괄수강",
1학년,경영학입문,3,3,N,이종선,5409,0,1,화 13:30~14:45 (S10115)  목 13:30~14:45 (S10115),"경영대학 전용강좌, 일괄수강",
1학년,경영학입문,3,3,N,임미희,5410,0,1,화 15:00~16:15 (S10201)  목 15:00~16:15 (S10201),"경영대학 전용강좌, 일괄수강",
1학년,경영학입문,3,3,N,정의교,5411,0,1,월 15:00~16:15 (S10116)  수 15:00~16:15 (S10116),"경영대학 전용강좌, 일괄수강",
전학년,마케팅과AI·SW융합기술,3,3,N,김찬기,5412,0,55,목 15:00~17:45 (S4417),,
전학년,미적분학1,3,3,N,김선영,5413,0,40,목 10:00~12:45 (S4417),인문캠퍼스 전용강좌(자연캠퍼스 소속 학생 수강불가),
전학년,통계학개론,3,3,N,김미성,5414,0,55,화 15:00~17:45 (S4517),,
전학년,선형대수학개론,3,3,N,문은호,5415,0,55,금 10:30~13:15 (S1419),,
전학년,교양바둑,2,2,N,박태순,5416,0,55,월 13:00~14:50 (S4219),,❌
전학년,일본어입문1,3,3,N,박성미,5417,0,55,월 15:00~16:15 (S4419)  수 15:00~16:15 (S4419),,
전학년,일본어입문1,3,3,N,이지현,5418,0,55,목 15:00~17:45 (S4419),,
전학년,일본어입문1,3,3,N,진경애,5419,0,55,수 12:00~14:45 (),,
전학년,생활아랍어,3,3,N,아흐메드,5420,0,150,,"온라인(원격수업), 공동강좌",❌
전학년,초급스페인어,3,3,N,조지부르고스,5421,0,55,목 13:00~15:45 (S4528),,❌
전학년,토익(RC),3,3,N,오세풍,5422,0,55,월 16:30~17:45 (S4513)  수 16:30~17:45 (S4513),,
전학년,토익(LC),3,3,N,오세풍,5423,0,55,월 15:00~16:15 (S4513)  수 15:00~16:15 (S4513),,
전학년,아랍어입문,3,3,N,문지영,5424,0,150,,온라인(원격수업),
전학년,중국어입문,3,3,N,박연정,5425,0,55,화 13:30~14:45 (S4511)  목 13:30~14:45 (S4511),,
전학년,스마트다이어트,3,3,N,김지향,5426,0,55,화 13:30~14:45 (S4415)  목 13:30~14:45 (S4415),,
전학년,영미문화콘텐츠의세계,3,3,N,김소연,5427,0,55,화 13:30~14:45 (S1933)  목 13:30~14:45 (S1933),,
전학년,컴퓨터논리의이해,3,3,N,김준성,5428,0,55,화 16:30~17:45 (S1213)  목 16:30~17:45 (S1213),,❌
전학년,웹프로그래밍기초,3,3,N,옥정윤,5429,0,35,금 09:00~11:45 (S1150),,
전학년,파이썬프로그래밍입문,3,3,N,최윤정,5430,0,38,목 12:00~14:45 (S4413),,
전학년,파이썬프로그래밍입문,3,3,N,최윤정,5431,0,38,목 15:00~17:45 (S4413),,
전학년,엑셀데이터활용과분석,3,3,N,강성희,5432,0,35,목 15:00~17:45 (S1150),,
전학년,엑셀데이터활용과분석,3,3,N,강성희,5433,0,35,월 12:00~14:45 (S1150),,
전학년,엑셀데이터활용과분석,3,3,N,강성희,5434,0,35,월 15:00~17:45 (S1150),온라인(블렌디드러닝),❌
전학년,기독교와상담,2,2,N,오화철,5435,0,55,목 15:00~16:50 (S4112),,❌
전학년,데이팅과결혼,3,3,N,김경원,5436,0,55,화 13:30~16:15 (S10301),,❌
전학년,영화로보는역사,3,3,N,나영순,5437,0,55,목 12:00~14:45 (S4502),,
전학년,영화로보는역사,3,3,N,황원호,5438,0,55,월 13:30~16:15 (S4417),,
전학년,한국의역사와문화,3,3,N,배연경,5439,0,55,수 10:30~13:15 (S4419),원어강의(영어),
전학년,미학의이해,2,2,N,김영범,5440,0,55,목 10:00~11:50 (S4525),,
전학년,미학의이해,2,2,N,김영범,5441,0,55,목 13:00~14:50 (S4525),,
전학년,지중해문화여행,3,3,N,이종화,5442,0,55,화 10:30~11:45 (S1915)  목 10:30~11:45 (S1915),,
전학년,지중해문화여행,3,3,N,이종화,5443,0,150,,"미래융합대학 전용강좌, 온라인(원격수업)",
전학년,영화로세상보기,3,3,N,김대현,5444,0,55,수 10:30~13:15 (S4528),,
전학년,영화로세상보기,3,3,N,손미정,5445,0,55,수 15:00~17:45 (S4417),,
전학년,영화로세상보기,3,3,N,손미정,5446,0,55,화 15:00~17:45 (S4417),,
전학년,테마로이해하는중국,3,3,N,최석원,5447,0,55,월 16:30~17:45 (S4509)  수 16:30~17:45 (S4509),,
전학년,국악의이해,2,2,N,이지연,5448,0,55,수 15:00~16:50 (),,
전학년,서양문학의이해,3,3,N,전앤,5449,0,55,목 12:00~14:45 (S4419),,
전학년,현대일본의이해,2,2,N,김채현,5450,0,55,수 12:00~13:50 (),,
전학년,노인복지론,3,3,N,김혜균,5451,0,55,목 10:30~13:15 (S4511),,
전학년,사회복지윤리와철학,3,3,N,신정욱,5452,0,55,목 09:00~11:45 (S4419),,
전학년,한국의경제와비즈니스,3,3,N,이원동,5453,0,55,수 15:00~17:45 (S4511),원어강의(영어),
전학년,인문지리학개론,2,2,N,박소현,5454,0,55,화 11:00~12:50 (S4511),,
전학년,인문지리학개론,2,2,N,박소현,5455,0,55,화 15:00~16:30 (S4511),,
전학년,현대사회와스포츠,3,3,N,최승국,5456,0,60,수 19:30~21:55 (),미래융합대학 전용강좌,
전학년,국제개발협력의이해,3,3,N,박소희,5457,0,55,화 09:00~11:45 (S1135),원어강의(영어),
전학년,공무원과법,3,3,N,방정미,5458,0,55,월 17:50~20:15 (S1533),,❌
전학년,대학생활과저작권,3,3,N,김영인,5459,0,55,월 15:00~17:45 (S4115),,
전학년,부동산과생활,3,3,N,최완호,5460,0,60,수 19:30~21:55 (),미래융합대학 전용강좌,
전학년,자기분석과직무역량개발,2,2,N,이선경,5461,0,55,수 10:00~11:50 (S4325),,
전학년,자기분석과직무역량개발,2,2,N,이선경,5462,0,55,수 15:00~16:50 (S4325),,
전학년,자기경영과실전취업준비,2,2,N,방성운,5463,0,55,월 10:00~11:50 (S4505),,❌
전학년,자기경영과실전취업준비,2,2,N,방성운,5464,0,55,월 12:00~13:50 (S4505),,❌
전학년,진로선택과대학생활,2,2,N,이선경,5465,0,55,수 13:00~14:50 (S4325),,
전학년,영상으로만나는중동문화코드,3,3,N,이복례,5466,0,55,화 10:30~11:45 (S1850)  목 10:30~11:45 (S1850),,
전학년,히브리어와유대문화,3,3,N,조사라,5467,0,55,월 16:30~17:45 (S1854)  수 16:30~17:45 (S1854),,❌
전학년,성격심리와뇌과학,2,2,N,이현주,5468,0,55,목 16:00~17:50 (S4515),,
전학년,공연예술과문화산업,3,3,N,장혜영,5469,0,150,,온라인(원격수업),
전학년,세계시민과해외봉사,3,3,Y,박혜정,5470,0,55,화 12:00~13:15 (S4515)  목 12:00~13:15 (S4515),N/P,
전학년,교양골프,2,2,N,황규정,5471,0,40,화 12:00~13:50 (S4501),교외 수업진행(세부내용 수업계획서 참고),
전학년,교양골프,2,2,N,황규정,5472,0,40,화 14:00~15:50 (S4501),교외 수업진행(세부내용 수업계획서 참고),
전학년,교양수영,2,2,N,서명석,5473,0,40,금 09:00~10:50 (S4501),"집중이수제(하반기), 교외 수업진행(세부내용 수업계획서 참고)",
전학년,응급처치법,3,3,N,함주호,5474,0,40,목 15:00~17:45 (S4501),,
전학년,교양스포츠댄스,2,2,N,미배정,5475,0,40,수 11:00~12:50 (S5514),,❌
전학년,교양스포츠댄스,2,2,N,미배정,5476,0,40,화 11:00~12:50 (S5514),,❌
전학년,교양탁구,2,2,N,이겨라,5477,0,40,목 14:00~15:50 (S4219),교외 수업진행(세부내용 수업계획서 참고),
전학년,교양탁구,2,2,N,이겨라,5478,0,40,화 14:00~15:50 (S4528),교외 수업진행(세부내용 수업계획서 참고),
전학년,교양요가필라테스,2,2,N,김수진,5479,0,30,토 16:00~17:45 (),미래융합대학 전용강좌,❌
전학년,교양축구,2,2,N,김진선,5480,0,40,월 13:00~14:50 (S4501),,❌
전학년,교양축구,2,2,N,김진선,5481,0,40,월 15:00~16:50 (S4501),,❌
전학년,교양농구,2,2,N,김태진,5482,0,40,수 09:00~10:50 (S10144),,
전학년,교양농구,2,2,N,김태진,5483,0,40,수 11:00~12:50 (S10144),,
전학년,장애인의이해,3,3,N,김자영,5484,0,55,목 09:00~11:45 (S4528),,
전학년,디지털혁신,3,3,N,정천용,5485,0,55,월 13:30~14:45 (S4511)  수 13:30~14:45 (S4511),,
전학년,교양일본어,3,3,N,이은미,5486,0,150,,"미래융합대학 전용강좌, 온라인(원격수업)",❌
전학년,중급한국어1,3,3,N,남주연,5487,0,40,화 10:30~13:15 (),TOPIK3급 외국인학생 전용강좌,
전학년,중급한국어1,3,3,N,윤새롬,5488,0,40,수 12:00~14:45 (),TOPIK3급 외국인학생 전용강좌,
전학년,중급한국어2,3,3,N,안유진,5489,0,40,목 10:30~13:15 (S4327),TOPIK3급 외국인학생 전용강좌,
전학년,고급한국어1,3,3,N,남주연,5490,0,40,월 10:30~13:15 (S4217),TOPIK4급 이상 외국인학생 전용강좌,
전학년,고급한국어2,3,3,N,이가원,5491,0,40,목 13:30~16:15 (),TOPIK4급 이상 외국인학생 전용강좌,
전학년,초급독일어,3,3,N,김유리,5492,0,55,월 15:00~16:15 (S4415)  수 15:00~16:15 (S4415),,❌
전학년,비즈니스영어,3,3,N,딜런모건,5493,0,30,월 15:00~16:15 (S10310)  수 15:00~16:15 (S10310),,❌
전학년,비즈니스영어,3,3,N,장지연,5494,0,150,,"미래융합대학 전용강좌, 온라인(원격수업)",
전학년,기초영어,2,2,N,장지연,5495,0,32,월 12:00~12:50 ()  수 12:00~12:50 (),,
전학년,기초영어,2,2,N,장지연,5496,0,32,월 13:00~13:50 ()  수 13:00~13:50 (),,
전학년,기초영어,2,2,N,장지연,5497,0,32,월 15:00~15:50 ()  수 15:00~15:50 (),,
전학년,기초영어,2,2,N,장지연,5498,0,32,화 15:00~15:50 ()  목 15:00~15:50 (),,
전학년,기초영어,2,2,N,장지연,5499,0,32,화 16:00~16:50 ()  목 16:00~16:50 (),,
전학년,한국어문법입문,3,3,N,나원주,5500,0,30,수 09:00~11:45 (S4219),1급 외국인 교환방문학생 전용강좌,
전학년,한국어회화입문,3,3,N,안유진,5501,0,30,목 13:30~16:15 (S4327),1급 외국인 교환방문학생 전용강좌,
전학년,한국어회화입문,3,3,N,오민수,5502,0,30,화 15:00~17:45 (S4427),1급 외국인 교환방문학생 전용강좌,
전학년,한국어독해입문,3,3,N,강수정,5503,0,30,화 12:00~14:45 (S4219),1급 외국인 교환방문학생 전용강좌,
전학년,한국어활용입문,3,3,N,김효인,5504,0,30,목 10:30~13:15 (S4217),1급 외국인 교환방문학생 전용강좌,
전학년,한국어문법초급,3,3,N,임현아,5505,0,40,화 12:00~14:45 (S4215),2급 외국인 교환방문학생 전용강좌,
전학년,한국어회화초급,3,3,N,남주연,5506,0,40,수 10:30~13:15 (S4217),2급 외국인 교환방문학생 전용강좌,
전학년,한국어독해초급,3,3,N,이가원,5507,0,40,목 16:30~19:15 (),2급 외국인 교환방문학생 전용강좌,
전학년,한국어활용초급,3,3,N,장지영,5508,0,40,금 12:00~14:45 (S4415),2급 외국인 교환방문학생 전용강좌,❌
전학년,AI와머신러닝,3,3,N,김제민,5509,0,38,화 12:00~14:45 (S4413),,
전학년,성공학특강,2,2,Y,주민재,5510,0,200,화 15:00~16:50 (S9114),N/P,
전학년,금융교육특강,2,2,Y,민봉기,5511,0,55,화 09:00~10:50 (S4325),N/P,
전학년,교수(최인화)세미나,1,1,Y,최인화,5512,0,10,수 18:40~19:25 (S4507),"미래융합대학 사회복지학과 2026학번 전용강좌, N/P",
전학년,교수(백주희)세미나,1,1,Y,백주희,5513,0,10,수 18:40~19:25 (S1209),"미래융합대학 사회복지학과 2026학번 전용강좌, N/P",
전학년,교수(이은미)세미나,1,1,Y,이은미,5514,0,55,화 17:00~17:50 (S1833),"인문대학 일어일문학전공 전용강좌, N/P",❌
전학년,교수(노정란)세미나,1,1,Y,노정란,5515,0,12,수 18:40~19:25 (S1217),"미래융합대학 회계세무학과 2026학번 전용강좌, N/P",
전학년,교수(황종규)세미나,1,1,Y,황종규,5516,0,15,수 18:40~19:25 (S1241),"미래융합대학 부동산학과 2026학번 전용강좌, N/P",
전학년,교수(박지현)세미나,1,1,Y,박지현,5517,0,15,수 18:40~19:25 (S1246),"미래융합대학 부동산학과 2026학번 전용강좌, N/P",❌
전학년,교수(주영선)세미나,1,1,Y,주영선,5518,0,10,수 18:40~19:25 (S1250),"미래융합대학 사회복지학과 2026학번 전용강좌, N/P",
전학년,교수(석호영)세미나,1,1,Y,석호영,5519,0,21,수 18:40~19:25 (S1325),"미래융합대학 법무행정학과 2026학번 전용강좌, N/P",❌
전학년,교수(안수정)세미나,1,1,Y,안수정,5520,0,12,수 18:40~19:25 (S1321),"미래융합대학 심리치료학과 2026학번 전용강좌, N/P",❌
1학년,M프레시맨세미나,2,2,Y,박상수,5521,0,55,화 17:50~19:35 (),"인문대학[광역] 신입생 전용강좌, N/P",❌
1학년,M프레시맨세미나,2,2,Y,정유경,5522,0,55,화 17:50~19:35 (S1837),"인문대학[광역] 신입생 전용강좌, N/P",
1학년,M프레시맨세미나,2,2,Y,최석원,5523,0,55,화 17:50~19:35 (S1741),"인문대학[광역] 신입생 전용강좌, N/P",
1학년,M프레시맨세미나,2,2,Y,남시훈,5524,0,30,금 13:00~14:50 (S10202),"사회과학대학[광역] 신입생 전용강좌, N/P",
1학년,M프레시맨세미나,2,2,Y,박진수,5525,0,40,금 13:00~14:50 (S1415),"사회과학대학[광역] 신입생 전용강좌, N/P",❌
1학년,M프레시맨세미나,2,2,Y,이지수,5526,0,40,금 13:00~14:50 (S1641),"사회과학대학[광역] 신입생 전용강좌, N/P",❌
1학년,M프레시맨세미나,2,2,Y,안혜성,5527,0,1,목 16:30~18:20 (S10115),"경영대학[광역] 신입생 전용강좌, N/P, 일괄수강",❌
1학년,M프레시맨세미나,2,2,Y,최한별,5528,0,1,목 16:30~18:20 (S10110),"경영대학[광역] 신입생 전용강좌, N/P, 일괄수강",
1학년,M프레시맨세미나,2,2,Y,김천수,5529,0,50,금 13:00~14:50 (S1450),"미디어·휴먼라이프대학[광역] 신입생 전용강좌, N/P",❌
1학년,M프레시맨세미나,2,2,Y,장희목,5530,0,50,목 11:00~12:50 (),"인공지능소프트웨어융합대학[광역] 신입생 전용강좌, N/P",
1학년,M프레시맨세미나,2,2,Y,강원묵,5531,0,30,화 16:30~18:15 (S10203),"아너칼리지 자율전공학부(인문) 신입생 전용강좌, N/P",❌
1학년,M프레시맨세미나,2,2,Y,김명구,5532,0,30,월 16:00~17:45 (S10216),"아너칼리지 자율전공학부(인문) 신입생 전용강좌, N/P",❌
1학년,M프레시맨세미나,2,2,Y,김윤정,5533,0,30,월 16:00~17:45 (S10117),"아너칼리지 자율전공학부(인문) 신입생 전용강좌, N/P",❌
1학년,M프레시맨세미나,2,2,Y,김일주,5534,0,30,월 16:00~17:45 (S10113),"아너칼리지 자율전공학부(인문) 신입생 전용강좌, N/P",❌
1학년,M프레시맨세미나,2,2,Y,김준영,5535,0,30,화 16:30~18:15 (S10111),"아너칼리지 자율전공학부(인문) 신입생 전용강좌, N/P",❌
1학년,M프레시맨세미나,2,2,Y,박윤현,5536,0,30,화 16:30~18:15 (S10201),"아너칼리지 자율전공학부(인문) 신입생 전용강좌, N/P",
1학년,M프레시맨세미나,2,2,Y,박형근,5537,0,30,화 16:30~18:15 (S10202),"아너칼리지 자율전공학부(인문) 신입생 전용강좌, N/P",❌
1학년,M프레시맨세미나,2,2,Y,서교원,5538,0,30,화 16:30~18:15 (S10114),"아너칼리지 자율전공학부(인문) 신입생 전용강좌, N/P",❌
1학년,M프레시맨세미나,2,2,Y,이수란,5539,0,30,월 16:00~17:45 (S10203),"아너칼리지 자율전공학부(인문) 신입생 전용강좌, N/P",❌
1학년,M프레시맨세미나,2,2,Y,황은경,5540,0,30,월 16:00~17:45 (S10118),"아너칼리지 자율전공학부(인문) 신입생 전용강좌, N/P",
전학년,교수(라영안)세미나,1,1,Y,라영안,5541,0,12,수 18:40~19:25 (),"미래융합대학 심리치료학과 2026학번 전용강좌, N/P",
전학년,교수(이현경)세미나,1,1,Y,이현경,5542,0,12,수 18:40~19:25 (),"미래융합대학 회계세무학과 2026학번 전용강좌, N/P",
전학년,교수(김지영)세미나,1,1,Y,김지영,5543,0,16,수 18:40~19:25 (),"미래융합대학 창의융합인재학부 2026학번 전용강좌, N/P",
전학년,교육학개론,2,2,N,이응모,5544,0,30,수 15:00~16:50 (S4705),교직신청자(한국학생) 전용강좌,
전학년,교육철학및교육사,2,2,N,이응모,5545,0,30,수 13:00~14:50 (S4705),교직신청자(한국학생) 전용강좌,
전학년,특수교육학개론,2,2,N,이현주,5546,0,30,목 09:00~10:50 (S4705),"온라인(블렌디드러닝), 교직신청자(한국학생) 전용강좌",
전학년,교육방법및교육공학,2,2,N,미배정,5547,0,30,화 11:00~12:50 (S4705),교직신청자(한국학생) 전용강좌,❌
전학년,교육사회,2,2,N,문수경,5548,0,30,월 11:00~12:50 (S4705),교직신청자(한국학생) 전용강좌,
전학년,교육실습,2,2,N,이현주,5549,0,30,수 11:00~12:50 (S4705),교직신청자(한국학생) 전용강좌,
전학년,교직실무,2,2,N,이현주,5550,0,30,화 09:00~10:50 (S4705),"온라인(블렌디드러닝), 교직신청자(한국학생) 전용강좌",
전학년,학교폭력예방및학생의이해,2,2,N,이현주,5551,0,30,수 09:00~10:50 (S4705),교직신청자(한국학생) 전용강좌,
전학년,디지털교육,2,2,N,미배정,5552,0,30,화 13:00~14:50 (S4705),교직신청자(한국학생) 전용강좌,❌
2학년,국어사,3,3,N,윤용선,5553,0,40,화 13:30~14:45 (S1919)  목 13:30~14:45 (S1919),,
3학년,현대문학사,3,3,N,이수형,5554,0,40,월 12:00~13:15 (S1850)  수 12:00~13:15 (S1850),,
1학년,고전문학사,3,3,N,남재철,5555,0,40,월 10:30~11:45 (S1846)  수 10:30~11:45 (S1846),,
1학년,현대문학입문,3,3,N,강계숙,5556,0,25,월 13:30~14:45 (S1846)  수 13:30~14:45 (S1846),,
2학년,고전시가론,3,3,N,최어진,5557,0,25,월 12:00~13:15 (S1919)  수 12:00~13:15 (S1919),,
2학년,현대소설교육론,3,3,N,이수형,5558,0,25,월 16:30~17:45 (S1850)  수 16:30~17:45 (S1850),,
2학년,소셜미디어와언어,3,3,N,서반석,5559,0,25,월 13:30~14:45 (S1919)  수 13:30~14:45 (S1919),,
3학년,고전문학강독,3,3,N,최어진,5560,0,25,월 15:00~16:15 (S1919)  수 15:00~16:15 (S1919),,
3학년,국어생활과어문규범,3,3,N,조남호,5561,0,25,화 12:00~13:15 (S1846)  목 12:00~13:15 (S1846),,
3학년,국어교육론,3,3,N,김지연,5562,0,25,화 10:30~11:45 (S1950)  목 10:30~11:45 (S1950),,❌
3학년,국어논리및논술,3,3,N,김지연,5563,0,25,화 12:00~13:15 (S1950)  목 12:00~13:15 (S1950),,❌
3학년,고전문학비평의시각과전개,3,3,N,남재철,5564,0,25,월 15:00~16:15 (S1846)  수 15:00~16:15 (S1846),,
3학년,현대문화와이미지의예술,3,3,N,강계숙,5565,0,25,월 16:30~17:45 (S1846)  수 16:30~17:45 (S1846),,
4학년,한국어교육의체계와이해,3,3,N,장채린,5566,0,25,화 15:00~16:15 (S1846)  목 15:00~16:15 (S1846),,
2학년,영어학개론,3,3,N,윤정미,5567,0,38,화 13:30~14:45 (S1923)  목 13:30~14:45 (S1923),전공이해기초교과(영문),
1학년,영문학개론,3,3,N,김소연,5568,0,38,월 12:00~13:15 (S1933)  수 12:00~13:15 (S1933),전공이해기초교과(영문),
1학년,영문학개론,3,3,N,김소연,5569,0,38,월 13:30~14:45 (S1933)  수 13:30~14:45 (S1933),전공이해기초교과(영문),
2학년,중급영어회화,3,3,N,스와이트토마스제임스,5570,0,20,월 09:00~10:15 (S1939)  수 09:00~10:15 (S1939),,
2학년,중급영어회화,3,3,N,스와이트토마스제임스,5571,0,20,월 12:00~13:15 (S1939)  수 12:00~13:15 (S1939),,
2학년,멀티미디어영어,3,3,N,스와이트토마스제임스,5572,0,38,화 09:00~10:15 (S1933)  목 09:00~10:15 (S1933),,
2학년,언어와사고,3,3,N,김아림,5573,0,38,월 09:00~10:15 (S1933)  수 09:00~10:15 (S1933),,
1학년,영어문법,3,3,N,윤정미,5574,0,38,화 15:00~16:15 (S1923)  목 15:00~16:15 (S1923),,
2학년,영어회화,3,3,N,스와이트토마스제임스,5575,0,20,월 10:30~11:45 (S1939)  수 10:30~11:45 (S1939),,
2학년,영어회화,3,3,N,스와이트토마스제임스,5576,0,20,화 10:30~11:45 (S1933)  목 10:30~11:45 (S1933),,
2학년,영어독해,3,3,N,윤정미,5577,0,38,월 13:30~14:45 (S1923)  수 13:30~14:45 (S1923),,
2학년,영미문학과신화,3,3,N,김용태,5578,0,38,금 13:30~16:15 (S1923),,❌
3학년,고급영어회화,3,3,N,스와이트토마스제임스,5579,0,20,화 12:00~13:15 (S1933)  목 12:00~13:15 (S1933),,
3학년,번역연습,3,3,N,이은주,5580,0,20,화 12:00~13:15 (S1923)  목 12:00~13:15 (S1923),외국인전용강좌,❌
3학년,영어음성음운론,3,3,N,김아림,5581,0,38,월 10:30~11:45 (S1923)  수 10:30~11:45 (S1923),,
2학년,영국문학사,3,3,N,김소연,5582,0,38,화 15:00~16:15 (S1933)  목 15:00~16:15 (S1933),,
3학년,영미희곡,3,3,N,박성희,5583,0,38,월 15:00~16:15 (S1933)  수 15:00~16:15 (S1933),원어강의,
3학년,영어교재연구및지도법,3,3,N,장지연,5584,0,38,화 12:00~13:15 (S1939)  목 12:00~13:15 (S1939),,
3학년,영문취업세미나,2,2,Y,박광현,5585,0,38,화 16:00~17:50 (S1939),,
3학년,중급영작문,3,3,N,이진,5586,0,18,화 10:30~11:45 (S1923)  목 10:30~11:45 (S1923),,❌
4학년,영어발표와토론,3,3,N,박성희,5587,0,38,화 10:30~11:45 (S1939)  목 10:30~11:45 (S1939),,
4학년,영어학세미나,3,3,N,박광현,5588,0,38,월 13:30~14:45 (S1939)  수 13:30~14:45 (S1939),,
4학년,영어학세미나,3,3,N,박광현,5589,0,38,월 15:00~16:15 (S1939)  수 15:00~16:15 (S1939),,
4학년,문학과영화,3,3,N,이진,5590,0,38,월 10:30~11:45 (S1933)  수 10:30~11:45 (S1933),,❌
4학년,문학과영화,3,3,N,이진,5591,0,38,월 12:00~13:15 (S1923)  수 12:00~13:15 (S1923),원어강의,❌
4학년,현대시사영어,3,3,N,박성희,5592,0,38,월 16:30~17:45 (S1933)  수 16:30~17:45 (S1933),,
2학년,언어와컴퓨터,3,3,N,박광현,5593,0,38,화 13:30~14:45 (S1939)  목 13:30~14:45 (S1939),,
1학년,초급중국어회화1,3,3,N,최재용,5594,0,50,화 10:30~11:45 (S1741)  목 10:30~11:45 (S1741),,
1학년,중국알아가기,3,3,N,김명구,5595,0,50,화 15:00~16:15 (S1741)  목 15:00~16:15 (S1741),,❌
2학년,중국문학개론,3,3,N,김명구,5596,0,50,월 12:00~13:15 (S1741)  수 12:00~13:15 (S1741),,❌
2학년,중국어청취1,3,3,N,박연정,5597,0,50,화 12:00~13:15 (S1741)  목 12:00~13:15 (S1741),,
3학년,중국어문법,3,3,N,이효진,5598,0,50,월 16:30~17:45 (S1741)  수 16:30~17:45 (S1741),,❌
3학년,중국어작문,3,3,N,강연,5599,0,20,월 12:00~13:15 (S1727)  수 12:00~13:15 (S1727),,❌
3학년,중국어교재연구및지도법,3,3,N,최석원,5600,0,20,화 16:30~17:45 (S1727)  목 16:30~17:45 (S1727),,
3학년,중국영화의안과밖,3,3,N,김명구,5601,0,50,월 13:30~14:45 (S1741)  수 13:30~14:45 (S1741),,❌
2학년,현대문학과중국인,3,3,N,최재용,5602,0,20,화 15:00~16:15 (S1727)  목 15:00~16:15 (S1727),,
4학년,통역의실제,3,3,N,강연,5603,0,20,화 12:00~13:15 (S1727)  목 12:00~13:15 (S1727),,❌
4학년,인터뷰중국어,3,3,N,강연,5604,0,20,화 10:30~11:45 (S1727)  목 10:30~11:45 (S1727),,
4학년,비즈니스중국어실용문,3,3,N,이효진,5605,0,20,월 15:00~16:15 (S1727)  수 15:00~16:15 (S1727),,❌
3학년,시사중국어독해,3,3,N,최석원,5606,0,50,화 13:30~14:45 (S1741)  목 13:30~14:45 (S1741),,
2학년,중급중국어회화1,3,3,N,강연,5607,0,20,월 10:30~11:45 (S1727)  수 10:30~11:45 (S1727),,
1학년,초급일본어회화1,3,3,N,사토 요코,5608,0,20,화 12:00~13:15 (S1731)  목 12:00~13:15 (S1731),,❌
1학년,초급일본어회화1,3,3,N,사토 요코,5609,0,20,화 13:30~14:45 (S1731)  목 13:30~14:45 (S1731),,❌
2학년,중급일본어회화1,3,3,N,후지모토 코코,5610,0,20,월 10:30~11:45 (S1731)  수 10:30~11:45 (S1731),,❌
2학년,중급일본어회화1,3,3,N,후지모토 코코,5611,0,20,월 12:00~13:15 (S1731)  수 12:00~13:15 (S1731),,❌
1학년,전공기초일본어1,3,3,N,이은미,5612,0,40,화 10:30~11:45 (S1837)  목 10:30~11:45 (S1837),전공이해기초교과(일문),❌
2학년,일어학의이해,3,3,N,이미숙,5613,0,40,월 13:30~16:15 (S1833),,
2학년,기초일본어작문,3,3,N,사토 요코,5614,0,20,화 16:30~17:45 (S1731)  목 16:30~17:45 (S1731),,
2학년,JLPT일본어기초,3,3,N,이은미,5615,0,30,화 13:30~14:45 (S1837)  목 13:30~14:45 (S1837),,❌
2학년,일본어독해1,3,3,N,박성미,5616,0,30,월 16:30~17:45 (S1833)  수 16:30~17:45 (S1833),,
2학년,일본의미술과디자인,3,3,N,노유니아,5617,0,30,화 10:30~11:45 (S1833)  목 10:30~11:45 (S1833),,
2학년,일본사의이해,3,3,N,김현경,5618,0,30,화 12:00~13:15 (S1837)  목 12:00~13:15 (S1837),,
4학년,일한번역입문,3,3,N,곽형덕,5619,0,30,월 12:00~13:15 (S1833)  수 12:00~13:15 (S1833),,❌
3학년,일본어교재연구및지도법,3,3,N,채윤주,5620,0,30,화 15:00~17:45 (S1837),,
3학년,일문취업세미나,2,2,Y,김현경,5621,0,30,목 16:00~17:50 (S1837),,
3학년,커뮤니케이션일본어,3,3,N,사토 요코,5622,0,20,월 16:30~17:45 (S1731)  수 16:30~17:45 (S1731),,
3학년,일본어어휘의이해,3,3,N,이미숙,5623,0,30,수 13:30~16:15 (S1833),,
4학년,비지니스일본어회화,3,3,N,사토 요코,5624,0,20,월 13:30~14:45 (S1731)  수 13:30~14:45 (S1731),,
4학년,일본의문화콘텐츠,3,3,N,노유니아,5625,0,30,화 13:30~14:45 (S1833)  목 13:30~14:45 (S1833),,
4학년,일본의근현대문학,3,3,N,곽형덕,5626,0,30,화 15:00~16:15 (S1833)  목 15:00~16:15 (S1833),,❌
3학년,일본서브컬쳐탐색,3,3,N,김현경,5627,0,30,월 10:30~11:45 (S1833)  수 10:30~11:45 (S1833),,
4학년,일본지역학세미나,3,3,N,곽형덕,5628,0,20,화 12:00~13:15 (S1833)  목 12:00~13:15 (S1833),,❌
4학년,글로벌일본기업연구,3,3,N,노유니아,5629,0,30,금 13:30~16:15 (S1833),,
1학년,한국고대사,3,3,N,박진훈,5630,0,30,화 10:30~11:45 (S1946)  목 10:30~11:45 (S1946),,
2학년,동양중세사,3,3,N,강원묵,5631,0,30,화 15:00~16:15 (S1946)  목 15:00~16:15 (S1946),,❌
1학년,동양고대사,3,3,N,장호영,5632,0,20,월 12:00~13:15 (S1946)  수 12:00~13:15 (S1946),,
2학년,서양사사료이해,3,3,N,황원호,5633,0,20,월 12:00~13:15 (S1950)  수 12:00~13:15 (S1950),,
2학년,한국사회경제사,3,3,N,박진훈,5634,0,30,월 10:30~11:45 (S1946)  수 10:30~11:45 (S1946),,
2학년,한국중세사,3,3,N,박진훈,5635,0,30,월 13:30~14:45 (S1950)  수 13:30~14:45 (S1950),,
3학년,역사학개론,3,3,N,김차규,5636,0,20,수 15:00~17:45 (S1950),,❌
3학년,사회교육론,3,3,N,이재성,5637,0,20,목 15:00~17:45 (S1552),,
3학년,사회교재연구및지도법,3,3,N,김주영,5638,0,20,목 17:50~20:15 (S1552),,
4학년,한국근세사,3,3,N,김태홍,5639,0,30,화 13:30~14:45 (S1946)  목 13:30~14:45 (S1946),,
4학년,동양사특강,3,3,N,강원묵,5640,0,20,월 16:30~17:45 (S1946)  수 16:30~17:45 (S1946),,❌
2학년,서지정보학입문,3,3,N,김민현,5641,0,25,화 09:00~11:45 (S1841),,❌
2학년,정보조직론,3,3,N,미배정,5642,0,50,수 12:00~14:45 (S1841),,❌
1학년,문헌정보학의이해,3,3,N,송승섭,5643,0,50,월 10:30~13:15 (S1841),전공이해기초교과(문정),
2학년,정보자원경영론,3,3,N,이흥용,5644,0,25,수 15:00~17:45 (S1841),,❌
2학년,어린이청소년독서교육,3,3,N,조혜전,5645,0,25,월 13:30~16:15 (S1841),,
2학년,텍스트코딩의기초,3,3,N,이한슬,5646,0,25,화 15:00~16:15 (S1733)  목 15:00~16:15 (S1733),,❌
3학년,학교도서관미디어센터론,3,3,N,김수진,5647,0,25,월 16:30~19:15 (S1841),,❌
3학년,정보시스템구축론,3,3,N,차현주,5648,0,25,목 10:30~13:15 (S1841),,
3학년,데이터프로그래밍기초,3,3,N,정유경,5649,0,25,월 10:30~11:45 (S1733)  수 10:30~11:45 (S1733),,
3학년,정보자원목록론,3,3,N,권나현,5650,0,25,화 12:00~14:45 (S1841),,❌
4학년,도서관정보센터실습,1,2,Y,김영석,5651,0,25,화 16:30~17:20 (S1841),,❌
4학년,데이터베이스시스템,3,3,N,미배정,5652,0,25,수 15:00~17:45 (S1733),,❌
4학년,전자책과디지털콘텐츠,3,3,N,이은호,5653,0,25,금 15:00~17:45 (S1841),,❌
4학년,정보이용과이용자,3,3,N,권나현,5654,0,25,수 12:00~14:45 (S10216),,❌
4학년,문헌정보기획캡스톤디자인,3,3,N,정유경,5655,0,25,월 13:30~16:15 (S1733),,
4학년,미디어와디지털리터러시,3,3,N,송현경,5656,0,25,목 16:30~19:15 (S1841),,❌
1학년,기초아랍어,3,3,N,문지영,5657,0,16,화 10:30~11:45 (S1854)  목 10:30~11:45 (S1854),전공이해기초교과(아랍),
1학년,기초아랍어,3,3,N,문지영,5658,0,16,화 13:30~14:45 (S1729)  목 13:30~14:45 (S1729),전공이해기초교과(아랍),
1학년,아랍학입문,3,3,N,김정명,5659,0,35,화 16:30~17:45 (S1850)  목 16:30~17:45 (S1850),전공이해기초교과(아랍),
2학년,초급아랍어회화2,3,3,N,아흐메드,5660,0,16,화 16:30~17:45 (S1729)  목 16:30~17:45 (S1729),,
2학년,초급아랍어회화2,3,3,N,아흐메드,5661,0,16,월 10:30~11:45 (S1729)  수 10:30~11:45 (S1729),,
2학년,아랍어문법2,3,3,N,이종화,5662,0,30,화 13:30~14:45 (S1854)  목 13:30~14:45 (S1854),,
1학년,기초아랍어회화,3,3,N,아흐메드,5663,0,16,월 12:00~13:15 (S1729)  수 12:00~13:15 (S1729),,
1학년,기초아랍어회화,3,3,N,아흐메드,5664,0,16,월 15:00~16:15 (S1729)  수 15:00~16:15 (S1729),,
2학년,아랍역사,3,3,N,김정명,5665,0,30,월 13:30~14:45 (S1854)  수 13:30~14:45 (S1854),,
2학년,중급아랍어강독,3,3,N,안정국,5666,0,30,목 15:00~17:45 (S1954),,❌
3학년,중동경제,3,3,N,이은경,5667,0,30,수 10:30~13:15 (S10217),,
3학년,중급아랍어회화2,3,3,N,아흐메드,5668,0,30,화 10:30~11:45 (S1729)  목 10:30~11:45 (S1729),,
3학년,아랍어교재연구및지도법,3,3,N,문지영,5669,0,30,월 13:30~14:45 (S1729)  수 13:30~14:45 (S1729),,
3학년,비즈니스아랍어,3,3,N,카우타르 크라예,5670,0,30,월 15:00~16:15 (S1741)  수 15:00~16:15 (S1741),,❌
3학년,실용아랍어2,3,3,N,이종화,5671,0,30,화 16:30~17:45 (S1854)  목 16:30~17:45 (S1854),,
4학년,코란과이슬람법,3,3,N,김형훈,5672,0,30,목 15:00~17:45 (S1958),,
4학년,아랍어통번역입문,3,3,N,카우타르 크라예,5673,0,30,월 12:00~13:15 (S1958)  수 12:00~13:15 (S1958),,❌
4학년,아랍어작문,3,3,N,문지영,5674,0,30,월 15:00~16:15 (S1854)  수 15:00~16:15 (S1854),,
전학년,코칭심리학,3,3,N,이수란,5675,0,50,화 12:00~13:15 (S1454)  목 12:00~13:15 (S1454),,❌
2학년,교육행정론,3,3,N,신택수,5676,0,50,화 13:30~14:45 (S1454)  목 13:30~14:45 (S1454),,
3학년,학습심리,3,3,N,윤형주,5677,0,60,월 12:00~13:15 (S1454)  수 12:00~13:15 (S1454),,
4학년,청소년지도방법론,3,3,N,전명순,5678,0,60,목 17:50~20:15 (S1454),,
2학년,상담이론과실제,3,3,N,이은경,5679,0,50,화 16:30~19:05 (S1454),,
3학년,가족상담,3,3,N,이수란,5680,0,50,화 10:30~11:45 (S1454)  목 10:30~11:45 (S1454),,❌
3학년,청소년기관실습Ⅱ,3,3,Y,윤형주,5681,0,60,금 12:00~14:45 (S1454),,
3학년,청소년기관실습Ⅰ,3,3,Y,윤형주,5682,0,60,금 15:00~17:45 (S1454),,
3학년,발달심리,3,3,N,조아미,5683,0,50,월 10:30~11:45 (S1454)  수 10:30~11:45 (S1454),,
3학년,철학적사고와청소년지도,3,3,N,김준성,5684,0,25,화 15:00~16:15 (S1454)  목 15:00~16:15 (S1454),철학과 윤리학 교과목과 코드쉐어링,❌
3학년,청소년지도사례연구,3,3,N,권일남,5685,0,50,월 16:30~19:05 (S1454),,❌
3학년,진로상담,3,3,N,김수진,5686,0,30,목 15:00~17:45 (S1458),,❌
4학년,청소년프로그램개발과평가,3,3,N,권일남,5687,0,60,월 15:00~16:15 (S1454)  수 15:00~16:15 (S1454),,❌
4학년,청소년문제와보호,3,3,N,조아미,5688,0,60,월 13:30~14:45 (S1454)  수 13:30~14:45 (S1454),,
2학년,제자백가사상,3,3,N,김한상,5689,0,40,월 10:30~11:45 (S1950)  수 10:30~11:45 (S1950),,❌
2학년,한중일철학사상,3,3,N,김한상,5690,0,40,월 15:00~16:15 (S1954)  수 15:00~16:15 (S1954),,❌
3학년,미디어철학,3,3,N,문종만,5691,0,40,목 10:30~13:15 (S4315),"미러링 강의 (인문캠 대면 수업, 자연캠 Y3246 화상 수업)",
2학년,윤리학,3,3,N,김준성,5692,0,25,화 15:00~16:15 (S1454)  목 15:00~16:15 (S1454),[&#39;철학적사고와청소년지도&#39; 교과목과 공동 운영],❌
4학년,현대미학의쟁점,3,3,N,조선우,5693,0,40,화 10:30~13:15 (S4315),"미러링 강의 (인문캠 대면 수업, 자연캠 Y3246 화상 수업)",
3학년,칸트와헤겔의미학,3,3,N,강순전,5694,0,40,월 16:30~17:45 (S1954)  수 16:30~17:45 (S1954),,
1학년,미디어콘텐츠의이해,3,3,N,손진원,5695,0,25,화 12:00~14:45 (S1546),,
1학년,시의이해,3,3,N,박상수,5696,0,30,목 15:00~17:45 (S1858),,❌
1학년,소설의이해,3,3,N,김유진,5697,0,25,수 15:00~17:45 (S1837),,❌
2학년,내러티브의이론과실제,3,3,N,신수정,5698,0,30,목 12:00~14:45 (S1858),,❌
2학년,드라마의이해,3,3,N,양근애,5699,0,30,월 12:00~14:45 (S1858),,❌
2학년,시창작의실제1,3,3,N,천수호,5700,0,30,화 15:00~17:45 (S1954),,
2학년,소설창작의실제1,3,3,N,편혜영,5701,0,30,수 12:00~14:45 (S1858),,
3학년,소설창작특강1,3,3,N,염승숙,5702,0,30,수 12:00~14:45 (S1837),,❌
3학년,시창작특강1,3,3,N,미배정,5703,0,25,월 15:00~17:45 (S1858),,❌
3학년,출판콘텐츠디자인,3,3,N,황예인,5704,0,25,금 12:00~14:45 (S1858),,
4학년,시적상상력과이미지,3,3,N,박상수,5705,0,25,화 15:00~17:45 (S1858),,❌
4학년,극적상상력과스토리텔링,3,3,N,양근애,5706,0,25,목 12:00~14:45 (S10216),,❌
4학년,마이스토리창작의실제,3,3,N,편혜영,5707,0,25,화 12:00~14:45 (S1858),,
4학년,비평창작의실제,3,3,N,신수정,5708,0,25,수 15:00~17:45 (S1858),,❌
4학년,보육실습,3,3,N,박윤현,5709,0,40,수 16:30~19:30 (S1446),,
1학년,아동학개론,3,3,N,김진욱,5710,0,40,화 10:30~11:45 ()  목 10:30~11:45 (),,❌
2학년,영유아발달,3,3,N,조한솔,5711,0,40,월 15:00~17:45 (),,
2학년,아동문학교육,3,3,N,안복희,5712,0,20,수 13:30~16:15 (),,❌
2학년,영유아사회정서지도,3,3,N,정가윤,5713,0,20,화 15:00~16:15 (S1446)  목 15:00~16:15 (S1446),,❌
2학년,유아교육론,3,3,N,김지현,5714,0,40,화 12:00~13:15 (S1446)  목 12:00~13:15 (S1446),,
3학년,아동관찰및행동연구,3,3,N,미배정,5715,0,40,화 13:30~16:15 (),,❌
3학년,아동권리와복지,3,3,N,한유진,5716,0,40,월 10:30~11:45 (S1446)  수 10:30~11:45 (S1446),,
3학년,아동상담,3,3,N,박지수,5717,0,20,월 12:00~13:15 ()  수 12:00~13:15 (),,
3학년,언어지도,3,3,N,정가윤,5718,0,40,화 16:30~17:45 (S1446)  목 16:30~17:45 (S1446),,❌
3학년,유아언어교육,3,3,N,정가윤,5719,0,5,화 16:30~17:45 (S1446)  목 16:30~17:45 (S1446),,❌
3학년,아동과학지도,3,3,N,미배정,5720,0,20,목 13:30~16:15 (),,❌
3학년,유아과학교육,3,3,N,미배정,5721,0,5,목 13:30~16:15 (),,❌
4학년,보육정책론,3,3,N,김진욱,5722,0,20,월 15:00~16:15 (S1446)  수 15:00~16:15 (S1446),,❌
4학년,아동생활지도,3,3,N,한유진,5723,0,40,월 13:30~14:45 (S1446)  수 13:30~14:45 (S1446),,
3학년,아동복지론,3,3,N,한유진,5724,0,20,월 10:30~11:45 (S1446)  수 10:30~11:45 (S1446),,
4학년,유아교육논리및논술,3,3,N,미배정,5725,0,20,목 16:30~19:05 (S10102),,❌
4학년,영유아교수방법,3,3,N,김지현,5726,0,40,화 10:30~11:45 ()  목 10:30~11:45 (),,
4학년,영유아교수방법,3,3,N,박고운,5727,0,40,월 16:30~19:05 (S1446),외국인 학생 전용 강좌,❌
2학년,일본미술사,3,3,N,이주현,5728,0,50,화 13:30~14:45 (S1915)  목 13:30~14:45 (S1915),,❌
2학년,한국도자사,3,3,N,박정민,5729,0,50,월 12:00~13:15 (S1915)  수 12:00~13:15 (S1915),,
2학년,중국회화사,3,3,N,이주현,5730,0,50,화 12:00~13:15 (S1915)  목 12:00~13:15 (S1915),,❌
3학년,서양현대미술사,3,3,N,김호정,5731,0,50,월 10:30~11:45 (S1915)  수 10:30~11:45 (S1915),,❌
3학년,불교미술사,3,3,N,최선아,5732,0,50,화 15:00~16:15 (S1915)  목 15:00~16:15 (S1915),,
3학년,한국근현대미술사,3,3,N,서윤정,5733,0,50,월 16:30~17:45 (S1915)  수 16:30~17:45 (S1915),,
3학년,박물관학과전시기획,3,3,N,최선아,5734,0,50,화 16:30~17:45 (S1915)  목 16:30~17:45 (S1915),,
4학년,시각문화와뉴미디어,3,3,N,김윤영,5735,0,50,월 15:00~16:15 (S1915)  수 15:00~16:15 (S1915),,❌
4학년,한국고고학,3,3,N,박정민,5736,0,50,월 13:30~14:45 (S1915)  수 13:30~14:45 (S1915),,
2학년,한국어문형연습,3,3,N,김보영,5739,0,50,월 15:00~16:15 (S1958)  수 15:00~16:15 (S1958),,
1학년,한국어텍스트이해,3,3,N,김지혜,5740,0,50,월 10:30~11:45 (S1850)  수 10:30~11:45 (S1850),,
1학년,한국어텍스트이해,3,3,N,김지혜,5741,0,50,화 10:30~11:45 (S1919)  목 10:30~11:45 (S1919),,
1학년,한국어문장쓰기,3,3,N,서반석,5742,0,50,화 16:30~17:45 (S1919)  목 16:30~17:45 (S1919),,
2학년,한국어어문규범,3,3,N,김보영,5743,0,50,화 13:30~14:45 (S1950)  목 13:30~14:45 (S1950),,
2학년,한국의전통문화,3,3,N,최어진,5744,0,40,월 16:30~17:45 (S1919)  수 16:30~17:45 (S1919),,
2학년,한국어한자교육론,3,3,N,조남호,5745,0,50,화 16:30~17:45 (S1846)  목 16:30~17:45 (S1846),,
2학년,한국어학개론,3,3,N,서반석,5746,0,50,월 12:00~13:15 (S1954)  수 12:00~13:15 (S1954),,
2학년,한국대중서사의이해,3,3,N,이수형,5747,0,50,월 15:00~16:15 (S1850)  수 15:00~16:15 (S1850),,
4학년,응용언어학,3,3,N,김보영,5748,0,50,화 15:00~16:15 (S1854)  목 15:00~16:15 (S1854),,
2학년,한국문학개론,3,3,N,남재철,5749,0,40,월 12:00~13:15 (S1846)  수 12:00~13:15 (S1846),,
4학년,한국현대문화비평,3,3,N,김지혜,5750,0,50,화 15:00~16:15 (S1919)  목 15:00~16:15 (S1919),,
3학년,한국어교육개론,3,3,N,장채린,5751,0,50,화 10:30~11:45 (S1846)  목 10:30~11:45 (S1846),,
4학년,한국어교재론,3,3,N,김지혜,5752,0,50,화 16:30~17:45 (S1946)  목 16:30~17:45 (S1946),,
4학년,한국어교육과정론,3,3,N,김지혜,5753,0,50,월 13:30~14:45 (S1850)  수 13:30~14:45 (S1850),,
2학년,노랫말의이해와분석,3,3,N,강계숙,5754,0,50,화 13:30~14:45 (S1846)  목 13:30~14:45 (S1846),,
1학년,미술사이해,3,3,N,서윤정,5755,0,50,월 13:30~14:45 (S1958)  수 13:30~14:45 (S1958),,
1학년,인문콘텐츠전공탐색세미나,1,1,Y,이한슬,5756,0,50,금 11:00~12:50 (S1841),"무전공 및 단과대학 단위 모집 입학생, 1학년 대상 전공탐색 지원을 위한 교과목",
1학년,국제어문전공탐색세미나,1,1,Y,노유니아,5757,0,50,금 11:00~12:50 (S1833),무전공 입학생(단과대학 광역모집) 대상 필수 과목,
전학년,행정학의이해(eng),3,3,N,이현정,5758,0,40,월 13:30~14:45 (S1415)  수 13:30~14:45 (S1415),외국어강의,
전학년,리더십과조직행동(eng),3,3,N,이현정,5759,0,40,월 15:00~16:15 (S1415)  수 15:00~16:15 (S1415),외국어강의,
2학년,행정조직론,3,3,N,진종순,5760,0,35,월 12:00~13:15 (S1633)  수 12:00~13:15 (S1633),,
2학년,행정조직론,3,3,N,진종순,5761,0,35,월 15:00~16:15 (S1633)  수 15:00~16:15 (S1633),,
2학년,인사행정론,3,3,N,미배정,5762,0,0,,,❌
2학년,사회복지학개론,3,3,N,주재현,5763,0,40,화 12:00~13:15 (S1633)  목 12:00~13:15 (S1633),,
2학년,사회복지학개론,3,3,N,주재현,5764,0,40,화 15:00~16:15 (S1633)  목 15:00~16:15 (S1633),,
3학년,환경정책론,3,3,N,기정훈,5765,0,40,월 13:30~14:45 (S1546)  수 13:30~14:45 (S1546),,
3학년,공동체활성화론,3,3,N,미배정,5766,0,0,,,❌
4학년,문화정책론,3,3,N,최현선,5767,0,40,월 09:00~10:15 (S1546)  수 09:00~10:15 (S1546),,
3학년,정책분석및평가,3,3,N,최인태,5768,0,35,화 10:30~11:45 (S1633)  목 10:30~11:45 (S1633),,
4학년,공기업론,3,3,N,김병수,5769,0,32,목 10:30~13:15 (S10202),,❌
3학년,행정법1,3,3,N,미배정,5770,0,0,,,❌
4학년,사회복지행정론,3,3,N,유종연,5771,0,40,금 13:30~16:15 (S1546),,
3학년,재정학,3,3,N,김성철,5772,0,40,월 10:30~11:45 (S1633)  수 10:30~11:45 (S1633),,
3학년,재정학,3,3,N,김성철,5773,0,40,월 13:30~14:45 (S1633)  수 13:30~14:45 (S1633),,
3학년,사회복지정책론,3,3,N,이재성,5774,0,40,목 09:00~11:45 (S1546),,
3학년,사회복지조사론,3,3,N,이은지,5775,0,40,목 12:00~14:45 (S1546),,
2학년,사회조사방법론Ⅰ,3,3,N,기정훈,5776,0,40,월 15:00~16:15 (S1546)  수 15:00~16:15 (S1546),,
전학년,스마트행정,3,3,N,최현선,5777,0,40,월 10:30~11:45 (S1546)  수 10:30~11:45 (S1546),,
1학년,정치학개론,3,3,N,정회옥,5778,0,30,화 10:30~11:45 (S1641)  목 10:30~11:45 (S1641),,
1학년,정치학개론,3,3,N,정회옥,5779,0,30,화 12:00~13:15 (S1641)  목 12:00~13:15 (S1641),,
2학년,국제정치론,3,3,N,정성철,5780,0,40,화 15:00~16:15 (S1641)  목 15:00~16:15 (S1641),,
3학년,국제기구론,3,3,N,이무성,5781,0,40,월 13:30~14:45 (S1637)  수 13:30~14:45 (S1637),외국어강의,
2학년,국제정치경제론,3,3,N,이무성,5782,0,40,화 15:00~16:15 (S1637)  목 15:00~16:15 (S1637),외국어강의,
2학년,여성정치론,3,3,N,신율,5783,0,40,월 10:30~11:45 (S1637)  수 10:30~11:45 (S1637),,
2학년,북한의정치와사회,3,3,N,이창현,5784,0,40,월 15:00~16:15 (S1637)  수 15:00~16:15 (S1637),,❌
2학년,국제정치와정의,3,3,N,정성철,5785,0,40,화 13:30~14:45 (S1641)  목 13:30~14:45 (S1641),외국어강의,
2학년,미디어와정치이론,3,3,N,신율,5786,0,40,화 10:30~11:45 (S1637)  목 10:30~11:45 (S1637),,
3학년,근대정치사상,3,3,N,신율,5787,0,40,,온라인(원격수업),
3학년,유럽연합정치학입문,3,3,N,이무성,5788,0,40,화 13:30~14:45 (S1637)  목 13:30~14:45 (S1637),,
전학년,러시아정치사,3,3,N,이지수,5789,0,50,화 09:00~10:15 (S1641)  목 09:00~10:15 (S1641),,
3학년,국제분쟁의이해,3,3,N,최지현,5790,0,40,월 10:30~11:45 (S1641)  수 10:30~11:45 (S1641),,❌
3학년,소수자정치론,3,3,N,정회옥,5791,0,30,,온라인(원격수업),
4학년,영화속의북한,3,3,N,이지수,5792,0,50,월 17:50~20:15 (S1641),,
2학년,정치학명저2,3,3,N,정성철,5793,0,17,수 17:50~20:15 (S1633),,
2학년,경제통계,3,3,N,주현도,5794,0,40,월 12:00~13:15 (S1437)  수 12:00~13:15 (S1437),,
2학년,경제통계,3,3,N,주현도,5795,0,40,월 13:30~14:45 (S1437)  수 13:30~14:45 (S1437),,
전학년,인공지능과경제,3,3,N,우석진,5796,0,40,월 15:00~17:45 (S1437),,❌
전학년,인공지능과경제,3,3,N,우석진,5797,0,40,화 15:00~17:45 (S1437),,❌
1학년,경제수학,3,3,N,안재범,5798,0,40,월 15:00~17:45 (S1641),,❌
전학년,응용계량경제학,3,3,N,김도형,5799,0,30,수 15:00~17:45 (S1437),,
4학년,한국경제사,3,3,N,김두얼,5800,0,40,월 10:30~11:45 (S1437)  수 10:30~11:45 (S1437),,❌
2학년,조세와회계,3,3,N,이수명,5801,0,40,목 15:00~17:45 (S1437),,
2학년,미시경제학,3,3,N,이호생,5802,0,40,월 15:00~16:15 (S1441)  수 15:00~16:15 (S1441),,
2학년,미시경제학,3,3,N,이호생,5803,0,40,화 09:00~11:45 (S1441),,
2학년,거시경제학,3,3,N,이명훈,5804,0,40,수 17:50~20:15 (S1441),,
3학년,국제경제학,3,3,N,이원기,5805,0,40,화 15:00~17:45 (S1441),,
3학년,화폐와금융,3,3,N,오지윤,5806,0,40,화 12:00~13:15 (S1437)  목 12:00~13:15 (S1437),,❌
3학년,화폐와금융,3,3,N,오지윤,5807,0,40,화 13:30~14:45 (S1437)  목 13:30~14:45 (S1437),,❌
3학년,산업조직과기업행태,3,3,N,이호생,5808,0,40,월 09:00~10:15 (S1441)  수 09:00~10:15 (S1441),,
3학년,산업조직과기업행태,3,3,N,이호생,5809,0,40,월 12:00~13:15 (S1441)  수 12:00~13:15 (S1441),,
3학년,건강경제학,3,3,N,김도형,5810,0,40,화 09:00~10:15 (S1419)  목 09:00~10:15 (S1419),,
3학년,건강경제학,3,3,N,김도형,5811,0,40,화 12:00~13:15 (S1419)  목 12:00~13:15 (S1419),,
3학년,경제성장론,3,3,N,조귀동,5812,0,40,화 17:50~20:15 (S1419),,❌
3학년,경제성장론,3,3,N,조귀동,5813,0,40,목 09:00~11:45 (S1441),,❌
3학년,기업금융론,3,3,N,빈기범,5814,0,40,화 12:00~13:15 (S1441)  목 12:00~13:15 (S1441),,
4학년,금융상품론,3,3,N,이창일,5816,0,40,목 18:40~21:05 (S1437),,
4학년,국제경제와다국적기업,3,3,N,김태진,5817,0,40,화 17:50~20:15 (S1437),,
4학년,법과경제,3,3,N,김은수,5818,0,40,목 15:00~17:45 (S1441),,❌
4학년,전략과정보,3,3,N,김태진,5819,0,40,화 09:00~10:15 (S1437)  목 09:00~10:15 (S1437),,
1학년,미디어의이해,3,3,N,김기태,5820,0,110,화 13:30~14:45 (S10102)  목 13:30~14:45 (S10102),전공이해 기초과목,
1학년,커뮤니케이션이론,3,3,N,김기태,5821,0,45,수 13:30~14:45 (S1419)  금 13:30~14:45 (S1419),,
1학년,글로벌커뮤니케이션,3,3,N,장석준,5822,0,50,수 16:30~19:45 (S1450),,❌
2학년,뉴미디어저널리즘,3,3,N,오유원,5823,0,45,화 10:30~11:45 (S1450)  목 10:30~11:45 (S1450),,
3학년,디지털기사작성법,3,3,N,박선이,5824,0,30,목 16:30~19:45 (S1450),,
3학년,뉴스쟁점분석,3,3,N,오유원,5825,0,35,수 10:30~13:15 (S10102),,
2학년,디지털영상편집,3,3,N,이화정,5826,0,20,수 16:30~19:45 (S1650),,
2학년,광고와마케팅,3,3,N,최선규,5827,0,45,월 12:00~14:45 (S10102),,❌
2학년,취재.기사작성,3,3,N,박선이,5828,0,30,목 09:00~11:45 (S10102),,
2학년,방송제작실습,3,3,N,한상훈,5829,0,20,금 13:30~16:15 (S1650),,❌
2학년,뉴미디어이론,3,3,N,문신일,5830,0,45,화 15:00~16:15 (S1450)  목 15:00~16:15 (S1450),,❌
2학년,뉴미디어이론,3,3,N,이현주,5831,0,40,화 09:00~11:45 (S10102),외국인 전용 강의,
2학년,광고크리에이티브입문,3,3,N,박형석,5832,0,50,금 13:30~16:15 (S10102),,❌
2학년,Interactive Storytelling,3,3,N,주연경,5833,0,30,화 15:00~16:15 (S1650)  목 15:00~16:15 (S1650),,❌
2학년,방송이론과기획,3,3,N,김지수,5834,0,40,월 15:00~17:45 (S10102),,❌
2학년,디지털시대의미디어리터러시,3,3,N,김경보,5835,0,50,월 12:00~13:15 (S1450)  수 12:00~13:15 (S1450),,
2학년,스피치커뮤니케이션과활용,3,3,N,김경보,5836,0,50,월 10:30~11:45 (S1450)  수 10:30~11:45 (S1450),,
2학년,경험디자인,3,3,N,미배정,5837,0,0,,,❌
3학년,광고기획,3,3,N,이민규,5838,0,30,수 15:00~16:15 (S10102),,❌
3학년,미디어조사방법론,3,3,N,주연경,5839,0,40,화 13:30~14:45 ()  목 13:30~14:45 (),,❌
3학년,미디어조사방법론,3,3,N,김기태,5840,0,30,금 10:30~13:15 (S1650),원어강의+실습,
3학년,조직커뮤니케이션,3,3,N,미배정,5841,0,45,,,❌
3학년,UI/UX입문,3,3,N,김경보,5842,0,50,,외국인 전용 강의,
3학년,PR원론,3,3,N,김천수,5843,0,45,화 12:00~13:15 (S1450)  목 12:00~13:15 (S1450),,❌
3학년,비지니스커뮤니케이션,3,3,N,김기태,5844,0,30,월 12:00~14:45 (S1419),,
3학년,공공PR캠페인,3,3,N,김천수,5845,0,45,화 13:30~14:45 (S1450)  목 13:30~14:45 (S1450),,❌
4학년,PR전략,3,3,N,이상연,5846,0,50,목 15:00~17:45 (S1419),,
4학년,미디어기업과인재,3,3,N,김경보,5847,0,40,금 10:30~13:15 (),,
3학년,미디어데이터의이해,3,3,N,오유원,5848,0,30,화 12:00~13:15 (S1650)  목 12:00~13:15 (S1650),,
2학년,문화간커뮤니케이션,3,3,N,김기태,5849,0,45,월 15:00~16:15 (S1450)  수 15:00~16:15 (S1450),,
1학년,국제통상원론,3,3,N,김태황,5850,0,60,월 10:30~11:45 (S10305)  수 10:30~11:45 (S10305),,❌
1학년,국제통상원론,3,3,N,서윤규,5851,0,60,금 09:00~11:45 (S10305),,❌
1학년,국제통상원론,3,3,N,서윤규,5852,0,60,금 12:00~14:45 (S10305),,❌
2학년,글로벌경제론,3,3,N,조미진,5853,0,62,월 10:30~11:45 (S10201)  수 10:30~11:45 (S10201),,
2학년,국제통상정책론,3,3,N,권영민,5854,0,55,월 12:00~13:15 (S10134)  수 12:00~13:15 (S10134),,
2학년,국제경영학,3,3,N,안혜성,5855,0,62,월 15:00~16:15 (S10115)  수 15:00~16:15 (S10115),,❌
2학년,글로벌경영전략,3,3,N,임미희,5856,0,62,화 12:00~13:15 (S10115)  목 12:00~13:15 (S10115),,
2학년,관세론,3,3,N,박미봉,5857,0,62,금 10:30~13:15 (S10201),,❌
1학년,통계학1,3,3,N,장영순,5858,0,60,월 15:00~16:15 (S10119)  수 15:00~16:15 (S10119),,❌
2학년,수리통계학1,3,3,N,박진수,5859,0,58,월 10:30~11:45 (S1419)  수 10:30~11:45 (S1419),,
2학년,통계프로그래밍1,3,3,N,박진수,5860,0,40,월 12:00~13:15 (S1650)  수 12:00~13:15 (S1650),,
1학년,디지털미디어및청소년아동전공탐색세미나,1,1,Y,윤형주,5861,0,100,금 10:00~11:50 (S10102),"집중수업(상반기 1~8주), 신입생 대상",
3학년,국제금융론,3,3,N,이성구,5862,0,55,월 17:50~20:15 (S10305),"경영, 국통 전공 인정",
3학년,상업논리및논술,3,3,N,이현주,5863,0,15,수 10:30~13:15 (S10220),"경영, 국통 전공인정 / 교직과목",
4학년,외환론,3,3,N,이성구,5864,0,55,월 16:30~17:45 (S10305)  수 16:30~17:45 (S10305),"경영, 국통 전공 인정",
2학년,투자론1,3,3,N,원승연,5865,0,55,월 10:30~11:45 (S10114)  수 10:30~11:45 (S10114),"경영, 국통 전공 인정",
2학년,투자론1,3,3,N,원승연,5866,0,55,월 12:00~13:15 (S10114)  수 12:00~13:15 (S10114),"경영, 국통 전공 인정",
3학년,투자론2,3,3,N,심명화,5867,0,55,화 12:00~13:15 (S10305)  목 12:00~13:15 (S10305),"경영, 국통 전공 인정",❌
전학년,회계원리,3,3,N,박경진,5868,0,55,월 10:30~11:45 (S10306)  수 10:30~11:45 (S10306),"경영, 국통, 경정 전공 인정 * 전공이해기초교과(경영학전공)",
전학년,회계원리,3,3,N,정우준,5869,0,55,화 10:30~11:45 (S10306)  목 10:30~11:45 (S10306),"경영, 국통, 경정 전공 인정 * 전공이해기초교과(경영학전공)",❌
전학년,회계원리,3,3,N,정우준,5870,0,55,화 12:00~13:15 (S10306)  목 12:00~13:15 (S10306),"경영, 국통, 경정 전공 인정 * 전공이해기초교과(경영학전공)",❌
전학년,회계원리,3,3,N,이수명,5871,0,55,화 15:00~17:45 (S10120),"경영, 국통, 경정 전공 인정 * 전공이해기초교과(경영학전공)",
전학년,마케팅원론,3,3,N,김주호,5872,0,55,월 17:50~20:20 (S10101),"경영, 국통, 경정 전공 인정",
전학년,마케팅원론,3,3,N,이은영,5873,0,55,화 12:00~13:15 (S10101)  목 12:00~13:15 (S10101),"경영, 국통, 경정 전공 인정",
전학년,마케팅원론,3,3,N,이은영,5874,0,55,화 13:30~14:45 (S10101)  목 13:30~14:45 (S10101),"경영, 국통, 경정 전공 인정",
전학년,마케팅원론,3,3,N,미배정,5875,0,55,수 13:30~16:15 (S10116),"(원어강의) 경영, 국통, 경정 전공 인정",❌
전학년,마케팅원론,3,3,N,미배정,5876,0,55,수 17:50~20:20 (S10116),"경영, 국통, 경정 전공 인정",❌
전학년,인적자원관리,3,3,N,이정현,5877,0,55,화 09:00~10:15 (S10120)  목 09:00~10:15 (S10120),"경영, 국통, 경정 전공 인정",❌
전학년,인적자원관리,3,3,N,이정현,5878,0,55,화 10:30~11:45 (S10120)  목 10:30~11:45 (S10120),"경영, 국통, 경정 전공 인정",❌
전학년,인적자원관리,3,3,N,국화,5879,0,55,수 15:00~17:45 (S10306),"경영, 국통, 경정 전공 인정",
전학년,인적자원관리,3,3,N,이우원,5880,0,55,화 12:00~14:45 (S10201),"경영, 국통, 경정 전공 인정",
전학년,인적자원관리,3,3,N,이우원,5881,0,55,목 12:00~14:45 (S10201),"경영, 국통, 경정 전공 인정",
4학년,사회책임경영론,3,3,N,국화,5882,0,55,화 15:00~17:45 (S10119),"경영, 국통, 경정 전공 인정",
3학년,비즈니스프로세스애널리틱스,3,3,N,강영식,5883,0,40,화 17:50~20:15 (S10110),"원격강의(K-MOOC)/경영,경정,국통전공인정",❌
전학년,앙트레프레너십(Entrepreneurship),3,3,N,김재구,5884,0,55,화 10:30~11:45 (S10101)  목 10:30~11:45 (S10101),"경영, 국통, 경정 전공 인정",❌
1학년,프로그래밍기초,3,3,N,김환선,5885,0,40,월 12:00~13:15 (S10218)  수 12:00~13:15 (S10218),"경영, 국통, 경정 전공 인정",❌
1학년,프로그래밍기초,3,3,N,김환선,5886,0,40,월 16:30~17:45 (S10218)  수 16:30~17:45 (S10218),"경영, 국통, 경정 전공 인정",❌
1학년,프로그래밍기초,3,3,N,김환선,5887,0,40,금 13:30~16:15 (S10218),"경영, 국통, 경정 전공 인정",❌
전학년,경영정보,3,3,N,강영식,5888,0,40,월 13:30~14:45 (S10110)  수 13:30~14:45 (S10110),"경정 1학년 일괄/단과대 아너 (경정 희망) 개별 수강, *전공이해기초교과(경영정보학과)",❌
전학년,경영정보,3,3,N,강영식,5889,0,40,월 15:00~16:15 (S10110)  수 15:00~16:15 (S10110),"경영, 국통, 경정 전공 인정 * 전공이해기초교과(경영정보학과) /블렌디드",❌
전학년,경영정보,3,3,N,최한별,5890,0,40,화 13:30~14:45 (S10110)  목 13:30~14:45 (S10110),"경영, 국통, 경정 전공 인정 * 전공이해기초교과(경영정보학과)",
3학년,공급사슬관리,3,3,N,박경철,5891,0,55,화 10:30~11:45 (S10114)  목 10:30~11:45 (S10114),"경영, 국통, 경정 전공 인정",
3학년,공급사슬관리,3,3,N,박경철,5892,0,55,화 12:00~13:15 (S10114)  목 12:00~13:15 (S10114),"경영, 국통, 경정 전공 인정",
2학년,국제경영학,3,3,N,이정환,5893,0,55,화 09:00~10:15 (S10305)  목 09:00~10:15 (S10305),"경영, 국통, 경정 전공 인정",
2학년,국제경영학,3,3,N,안혜성,5894,0,55,월 12:00~13:15 (S10115)  수 12:00~13:15 (S10115),"경영, 국통, 경정 전공 인정",❌
2학년,국제경영학,3,3,N,안혜성,5895,0,35,월 15:00~16:15 (S10115)  수 15:00~16:15 (S10115),"경영, 국통, 경정 전공 인정",❌
1학년,국제통상원론,3,3,N,김태황,5896,0,27,월 10:30~11:45 (S10305)  수 10:30~11:45 (S10305),"경영, 국통, 경정 전공 인정",❌
1학년,국제통상원론,3,3,N,서윤규,5897,0,27,금 09:00~11:45 (S10305),"경영, 국통, 경정 전공 인정",❌
1학년,국제통상원론,3,3,N,서윤규,5898,0,27,금 12:00~14:45 (S10305),"경영, 국통, 경정 전공 인정",❌
3학년,글로벌경영전략,3,3,N,이종선,5899,0,55,화 15:00~16:15 (S10115)  목 15:00~16:15 (S10115),"경영, 국통, 경정 전공 인정",
3학년,글로벌경영전략,3,3,N,임미희,5900,0,55,화 10:30~11:45 (S10115)  목 10:30~11:45 (S10115),"경영, 국통, 경정 전공 인정",
3학년,글로벌경영전략,3,3,N,임미희,5901,0,40,화 12:00~13:15 (S10115)  목 12:00~13:15 (S10115),"경영, 국통, 경정 전공 인정",
3학년,서비스운영관리,3,3,N,노용휘,5903,0,55,월 10:30~11:45 (S10119)  수 10:30~11:45 (S10119),"경영, 국통, 경정 전공 인정",
3학년,서비스운영관리,3,3,N,노용휘,5904,0,55,월 12:00~13:15 (S10119)  수 12:00~13:15 (S10119),"경영, 국통, 경정 전공 인정",
2학년,재무회계,3,3,N,미배정,5905,0,55,화 13:30~14:45 (S10111)  목 13:30~14:45 (S10111),"경영, 국통, 경정 전공 인정",❌
2학년,재무회계,3,3,N,이현경,5906,0,75,월 16:30~17:45 (S10120)  수 16:30~17:45 (S10120),"경영, 국통, 경정 전공 인정",
2학년,재무회계,3,3,N,미배정,5907,0,55,금 10:30~13:15 (S10306),"경영, 국통, 경정 전공 인정",❌
2학년,재무회계,3,3,N,미배정,5908,0,55,금 13:30~16:15 (S10306),"경영, 국통, 경정 전공 인정",❌
2학년,조직행동론,3,3,N,김명선,5909,0,55,화 13:30~14:45 (S10116)  목 13:30~14:45 (S10116),"경영, 국통, 경정 전공 인정",❌
2학년,조직행동론,3,3,N,김명선,5910,0,55,화 15:00~16:15 (S10116)  목 15:00~16:15 (S10116),"경영, 국통, 경정 전공 인정",❌
2학년,조직행동론,3,3,N,국화,5911,0,55,화 12:00~14:45 (S10119),"경영, 국통, 경정 전공 인정",
2학년,컴퓨터프로그래밍,3,3,N,이한준,5912,0,105,목 09:00~10:15 (S10134)  금 13:30~14:45 (S10134),"온라인(원격수업)/ 경영,국통,경정 전공 인정",
3학년,비즈니스모델개발,3,3,N,미배정,5913,0,55,목 15:00~17:45 (S10119),"경영, 국통, 경정 전공 인정",❌
2학년,기업재무론,3,3,N,박준호,5914,0,55,화 13:30~14:45 (S10306)  목 13:30~14:45 (S10306),"(원어강의) 경영, 국통, 경정 전공 인정",❌
2학년,기업재무론,3,3,N,박준호,5915,0,55,화 15:00~16:15 (S10306)  목 15:00~16:15 (S10306),"경영, 국통, 경정 전공 인정",❌
3학년,마케팅조사,3,3,N,김연신,5916,0,55,월 09:00~10:15 (S10101)  수 09:00~10:15 (S10101),"경영, 국통, 경정 전공 인정",❌
3학년,마케팅조사,3,3,N,김연신,5917,0,55,월 10:30~11:45 (S10101)  수 10:30~11:45 (S10101),"경영, 국통, 경정 전공 인정",❌
4학년,경영전략론,3,3,N,정의교,5918,0,55,월 10:30~11:45 (S10116)  수 10:30~11:45 (S10116),"경영, 국통, 경정 전공 인정",❌
4학년,경영전략론,3,3,N,정의교,5919,0,55,월 12:00~13:15 (S10116)  수 12:00~13:15 (S10116),"경영, 국통, 경정 전공 인정",❌
전학년,운영관리,3,3,N,김준영,5920,0,85,화 12:00~13:15 (S10120)  목 12:00~13:15 (S10120),"경영, 국통, 경정 전공 인정",
전학년,운영관리,3,3,N,김준영,5921,0,85,화 13:30~14:45 (S10120)  목 13:30~14:45 (S10120),"경영, 국통, 경정 전공 인정",
전학년,운영관리,3,3,N,이보라,5922,0,55,금 12:00~14:45 (S10101),"경영, 국통, 경정 전공 인정",❌
전학년,운영관리,3,3,N,이보라,5923,0,55,금 15:00~17:45 (S10101),"경영, 국통, 경정 전공 인정",❌
3학년,ERP개론,3,3,N,강성구,5924,0,40,화 10:30~11:45 (S10218)  목 10:30~11:45 (S10218),"경영, 경정, 국통 전공 인정",
전학년,재무관리,3,3,N,이호진,5925,0,55,월 10:30~11:45 (S10120)  수 10:30~11:45 (S10120),"경영, 국통, 경정 전공 인정",❌
전학년,재무관리,3,3,N,이호진,5926,0,55,월 12:00~13:15 (S10120)  수 12:00~13:15 (S10120),"경영, 국통, 경정 전공 인정",❌
전학년,재무관리,3,3,N,심명화,5927,0,55,화 10:30~11:45 (S10305)  목 10:30~11:45 (S10305),"경영, 국통, 경정 전공 인정",❌
전학년,재무관리,3,3,N,미배정,5928,0,55,월 13:30~14:45 (S10120)  수 13:30~14:45 (S10120),"경영, 국통, 경정 전공 인정",❌
전학년,재무관리,3,3,N,미배정,5929,0,55,월 15:00~16:15 (S10120)  수 15:00~16:15 (S10120),"경영, 국통, 경정 전공 인정",❌
전학년,경영과학,3,3,N,장영순,5930,0,55,월 13:30~14:45 (S10119)  수 13:30~14:45 (S10119),"경영, 경정 전공 인정",❌
전학년,경영과학,3,3,N,박경철,5931,0,55,화 15:00~16:15 (S10114)  목 15:00~16:15 (S10114),"경영, 경정 전공 인정",
1학년,경영및경영정보전공탐색세미나,1,1,Y,박경진,5932,0,100,금 09:00~10:50 (S10134),"집중수업(상반기 1-8주), 경영대학(일괄수강)+아너칼리지(경영대학 희망 개별수강) 신입생",
1학년,경상통계학부전공탐색세미나,1,1,Y,김두얼,5933,0,60,금 11:00~12:50 (S1415),집중이수제 상반기 8주,❌
1학년,공공인재및법전공탐색세미나,1,1,Y,이지수,5934,0,50,금 11:00~12:50 (S1641),,
3학년,개인자산관리,3,3,N,원승연,5935,0,55,월 15:00~16:15 (S10114)  수 15:00~16:15 (S10114),경영 전공 인정,❌
3학년,원가회계,3,3,N,정휘영,5936,0,55,금 12:00~14:45 (S10114),경영 전공 인정,❌
3학년,원가회계,3,3,N,정휘영,5937,0,55,금 15:00~17:45 (S10114),경영 전공 인정,❌
3학년,통합마케팅커뮤니케이션,3,3,N,김주호,5938,0,55,월 13:30~14:45 (S10101)  수 13:30~14:45 (S10101),경영 전공 인정,
3학년,통합마케팅커뮤니케이션,3,3,N,김주호,5939,0,55,월 15:00~16:15 (S10101)  수 15:00~16:15 (S10101),경영 전공 인정,
3학년,경영조직론,3,3,N,이정민,5940,0,55,목 12:00~14:45 (S10119),경영 전공 인정,❌
3학년,세무회계1,3,3,N,구성권,5941,0,55,금 10:30~13:15 (S10116),경영 전공 인정,❌
3학년,세무회계1,3,3,N,구성권,5942,0,55,금 13:30~16:15 (S10116),경영 전공 인정,❌
3학년,기업법1,3,3,N,김배정,5943,0,55,화 16:30~19:15 (S10306),경영 전공 인정,❌
3학년,고급회계,3,3,N,심준용,5944,0,55,화 15:00~16:15 (S10111)  목 15:00~16:15 (S10111),경영 전공 인정,❌
3학년,경영취업세미나,2,2,Y,박경진,5945,0,30,월 16:00~17:50 (S10116),(N/P 과목) 경영 전공 인정,
3학년,중급회계2,3,3,N,심준용,5946,0,55,화 10:30~11:45 (S10111)  목 10:30~11:45 (S10111),경영 전공 인정,❌
3학년,중급회계2,3,3,N,심준용,5947,0,55,화 12:00~13:15 (S10111)  목 12:00~13:15 (S10111),경영 전공 인정,❌
4학년,신인사관리사례분석,3,3,N,이정현,5948,0,55,화 15:00~16:15 (S10101)  목 15:00~16:15 (S10101),경영 전공 인정,❌
3학년,금융기관경영론,3,3,N,이호진,5949,0,100,월 09:00~10:15 (S10134)  수 09:00~10:15 (S10134),(원격강의) 경영 전공 인정,❌
4학년,마케팅전략,3,3,N,미배정,5950,0,55,월 12:00~13:15 (S10111)  수 12:00~13:15 (S10111),경영 전공 인정,❌
4학년,마케팅전략,3,3,N,미배정,5951,0,55,월 13:30~14:45 (S10111)  수 13:30~14:45 (S10111),경영 전공 인정,❌
4학년,유통관리,3,3,N,서교원,5952,0,55,화 10:30~11:45 (S10119)  목 10:30~11:45 (S10119),경영 전공 인정,
4학년,유통관리,3,3,N,서교원,5953,0,55,화 13:30~14:45 (S10114)  목 13:30~14:45 (S10114),경영 전공 인정,
4학년,품질경영,3,3,N,이보라,5954,0,55,금 09:00~11:45 (S10101),경영 전공 인정,❌
4학년,회계학특강1,3,3,N,박경진,5955,0,30,월 13:30~14:45 (S10306)  수 13:30~14:45 (S10306),"선이수 : 회계원리, 재무관리 , 경영 전공 인정",
전학년,국제학생을위한경영학개론1,3,3,N,전학철,5956,0,55,금 09:00~11:45 (S10119),국제학생전용 / 경영 전공 인정,❌
전학년,국제학생을위한경영학개론2,3,3,N,전학철,5957,0,55,금 12:00~14:45 (S10119),국제학생전용 / 경영 전공 인정,❌
4학년,디지털금융,3,3,N,박준호,5958,0,55,화 10:30~11:45 (S10110)  목 10:30~11:45 (S10110),경영 전공 인정,❌
2학년,시스템분석과 설계,3,3,N,최한별,5959,0,40,목 15:00~16:15 (S10110)  금 15:00~16:15 (S10110),경정 전공인정,
2학년,데이터베이스활용,3,3,N,남호헌,5960,0,40,월 17:50~20:15 (S10218),경정 전공인정,❌
3학년,정보시스템관리,3,3,N,김형진,5961,0,40,금 15:00~17:45 (S10119),경정 전공인정,❌
3학년,객체지향언어,3,3,N,이한준,5962,0,40,월 13:30~14:45 (S10218)  수 13:30~14:45 (S10218),노트북 지참 필수/경정 전공인정,
3학년,로보틱프로세스자동화,3,3,N,강영식,5963,0,40,월 17:50~20:15 (S10110),경정 전공인정,❌
3학년,ERP프로그래밍실습,3,3,N,강성구,5964,0,40,화 15:00~16:15 (S10218)  목 15:00~16:15 (S10218),선수과목 : ERP개론/경정 전공인정,
3학년,ERP데이터애널리틱스,3,3,N,강성구,5965,0,30,금 10:30~13:15 (S10218),선수과목: ERP개론/경정 전공 인정,
3학년,파이썬응용프로그래밍,3,3,N,김환선,5966,0,20,월 15:00~16:15 (S10218)  수 15:00~16:15 (S10218),"선행:프로그래밍기초,컴퓨터프로그래밍/경정 전공인정",❌
4학년,ERP와SCM,3,3,N,강성구,5967,0,40,화 13:30~14:45 (S10218)  목 13:30~14:45 (S10218),"선행:프로그래밍기초,컴퓨터프로그래밍/경정 전공인정",
4학년,경영정보취업세미나,2,2,Y,강성구,5968,0,30,금 14:00~15:50 (S10111),경영정보학생만 수강 가능/경정 전공 인정,
4학년,데이터사이언스프로그래밍,3,3,N,최한별,5969,0,40,화 12:00~13:15 (S10110)  금 13:30~14:45 (S10110),경정 전공 인정,
3학년,무역실무,3,3,N,박미봉,5970,0,55,금 13:30~16:15 (S10201),국통 전공 인정,
3학년,무역영어,3,3,N,이주희,5971,0,55,월 13:30~16:15 (S10305),국통 전공 인정 / 원어강의,❌
3학년,신흥시장연구,3,3,N,신현탁,5972,0,55,월 10:30~11:45 (S10110)  수 10:30~11:45 (S10110),국통 전공 인정,
3학년,국제통상정책론,3,3,N,권영민,5973,0,27,월 12:00~13:15 (S10134)  수 12:00~13:15 (S10134),국통 전공 인정/ 원격강의,
3학년,EU통상론,3,3,N,신현탁,5974,0,55,월 09:00~10:15 (S10110)  수 09:00~10:15 (S10110),국통 전공 인정,
3학년,국제물류론,3,3,N,김행기,5975,0,55,수 12:00~14:45 (S10305),국통 전공 인정,❌
3학년,관세론,3,3,N,박미봉,5976,0,27,금 10:30~13:15 (S10201),국통 전공 인정,
3학년,국제개발협력론,3,3,N,김태황,5977,0,55,월 09:00~10:15 (S10305)  수 09:00~10:15 (S10305),국통 전공 인정,❌
4학년,국제경영세미나,3,3,N,안혜성,5978,0,55,월 10:30~11:45 (S10115)  수 10:30~11:45 (S10115),국통 전공 인정 / 원어강의,❌
3학년,글로벌경제론,3,3,N,조미진,5980,0,27,월 10:30~11:45 (S10201)  수 10:30~11:45 (S10201),국통 전공 인정,
1학년,경영학원론,3,3,N,취칭칭,5981,0,100,월 09:00~11:45 (),,❌
2학년,인사관리,3,3,N,왕사초,5982,0,100,월 13:00~15:45 (S4201),,❌
2학년,조직행동,3,3,N,유단,5983,0,100,수 09:00~11:45 (S4201),,
2학년,생산관리,3,3,N,양등월,5984,0,100,목 09:00~11:45 (S4201),,❌
2학년,경영통계응용,3,3,N,유단,5985,0,100,수 16:00~18:35 (S4201),,
3학년,경쟁전략론,3,3,N,고려천,5986,0,100,금 09:00~11:45 (S4201),,
3학년,경영정보시스템,3,3,N,양등월,5987,0,100,목 16:00~18:35 (S4201),,❌
3학년,소비자행동론,3,3,N,유단,5988,0,100,화 09:00~11:45 (S4201),,
3학년,CSR전략,3,3,N,양등월,5989,0,100,목 13:00~15:45 (S4201),,❌
3학년,글로벌기업관리론,3,3,N,고려천,5990,0,100,금 13:00~15:45 (S4201),,❌
3학년,인적자원개발론,3,3,N,왕사초,5991,0,100,월 16:00~18:35 (S4201),,❌
4학년,기업윤리와지속경영,3,3,N,취칭칭,5992,0,100,월 13:00~15:45 (),,❌
4학년,중국비즈니스전략,3,3,N,유단,5993,0,100,수 13:00~15:45 (S4201),,
1학년,법논리학1,2,2,N,김주영,5994,0,50,목 15:00~16:50 (S1658),,
1학년,법논리학1,2,2,N,김주영,5995,0,50,금 15:00~16:50 (S1658),26학번 전용 강좌,
1학년,민법입문,2,2,N,송하진,5996,0,30,수 12:00~13:50 (S10202),,
1학년,민법입문,2,2,N,백명선,5997,0,30,목 14:00~15:50 (S10202),,❌
2학년,헌법1,3,3,N,유승익,5998,0,50,수 17:50~20:15 (S1539),,❌
2학년,헌법1,3,3,N,기현석,5999,0,30,금 10:30~13:15 (S1658),,
2학년,형법총론2,3,3,N,안수길,6000,0,50,월 15:00~16:15 (S1539)  수 15:00~16:15 (S1539),,❌
2학년,형법총론2,3,3,N,이윤제,6001,0,50,화 15:00~16:15 (S1539)  목 15:00~16:15 (S1539),,❌
2학년,행정법1,3,3,N,방정미,6002,0,50,월 10:30~11:45 (S1533)  수 10:30~11:45 (S1533),,❌
2학년,회사법1,3,3,N,이종훈,6003,0,50,월 10:30~11:45 (S1658)  수 10:30~11:45 (S1658),,
2학년,상법총칙,3,3,N,최세련,6004,0,50,월 13:30~14:45 (S1533)  수 13:30~14:45 (S1533),,
2학년,상법총칙,3,3,N,이종훈,6005,0,50,월 17:50~20:15 (S1658),,
3학년,회사법2,3,3,N,이종훈,6006,0,50,월 13:30~14:45 (S1658)  수 13:30~14:45 (S1658),,
3학년,저작권법1,3,3,N,이병규,6007,0,50,화 15:00~16:15 (S1533)  목 15:00~16:15 (S1533),,
3학년,형사소송법,3,3,N,이윤제,6008,0,50,화 13:30~14:45 (S1533)  목 13:30~14:45 (S1533),,❌
3학년,형사소송법,3,3,N,안수길,6009,0,50,화 17:50~20:15 (S1539),,❌
3학년,형사정책,3,3,N,김은희,6010,0,50,화 10:30~11:45 (S1539)  목 10:30~11:45 (S1539),,❌
3학년,헌법3,3,3,N,기현석,6011,0,50,화 12:00~13:15 (S1658)  목 12:00~13:15 (S1658),,
2학년,채권총론,3,3,N,송하진,6012,0,50,월 16:30~17:45 (S1539)  수 16:30~17:45 (S1539),,
2학년,채권총론,3,3,N,백명선,6013,0,50,목 17:50~20:15 (S1533),,❌
3학년,민사소송법1,3,3,N,이병규,6014,0,50,화 12:00~13:15 (S1533)  목 12:00~13:15 (S1533),,
3학년,어음수표법,3,3,N,최세련,6015,0,50,월 12:00~13:15 (S1533)  수 12:00~13:15 (S1533),,
3학년,경제법,3,3,N,홍명수,6016,0,50,화 13:30~14:45 (S1539)  목 13:30~14:45 (S1539),,
3학년,법과사회,3,3,N,김주영,6017,0,50,화 13:30~14:45 (S1658)  목 13:30~14:45 (S1658),,
4학년,법학취업세미나,2,2,Y,안수길,6018,0,40,월 16:30~18:20 (S1415),,❌
3학년,개별적근로관계법,3,3,N,추장철,6019,0,50,목 17:50~20:15 (S1658),,
4학년,헌법연습,3,3,N,기현석,6020,0,50,화 10:30~11:45 (S1658)  목 10:30~11:45 (S1658),,
4학년,형법연습,3,3,N,김은희,6021,0,50,화 12:00~13:15 (S1539)  목 12:00~13:15 (S1539),,
4학년,친족상속법,3,3,N,송재일,6022,0,50,수 17:50~20:15 (S1658),,
4학년,기업법무,2,2,N,최세련,6023,0,50,수 17:50~18:35 (S1533),온라인(블렌디드러닝),
4학년,해상법,3,3,N,최세련,6024,0,50,,온라인(원격수업),
4학년,경찰행정법,3,3,N,방정미,6025,0,50,월 13:30~14:45 (S1539)  수 13:30~14:45 (S1539),,❌
3학년,민사집행법,3,3,N,송하진,6026,0,50,월 15:00~16:15 (S1658)  수 15:00~16:15 (S1658),,
전학년,사회적기업.협동조합법,3,3,N,송재일,6027,0,50,,,
2학년,법사학1,3,3,N,김주영,6028,0,50,월 12:00~13:15 (S1658)  수 12:00~13:15 (S1658),,
1학년,디지털디자인,3,3,N,김영학,6029,0,30,월 10:30~13:15 (S1154),,
1학년,디지털디자인,3,3,N,김영학,6030,0,30,월 13:30~16:15 (S1154),,
1학년,3D그래픽스,3,3,N,유형준,6031,0,30,목 13:30~16:15 (S1154),*2학년 전용 강좌,
1학년,기초그래픽스,3,3,N,장희목,6032,0,30,수 10:30~13:15 (S1154),,
1학년,기초그래픽스,3,3,N,장희목,6033,0,30,수 13:30~16:15 (S1154),,
전학년,디지털콘텐츠프로그래밍2,3,3,N,이재령,6034,0,30,목 10:30~13:15 (S1154),(구) 캡스톤서비스프로그래밍2,❌
2학년,뉴미디어이론,3,3,N,신혜련,6035,0,30,화 10:30~13:15 (S1154),,
2학년,UX설계,3,3,N,김영학,6036,0,30,월 16:30~19:00 (S1154),,
3학년,콘텐츠분석연구,3,3,N,신혜련,6037,0,30,목 13:30~16:15 (S1346),,
3학년,가상컨텐츠디자인,3,3,N,유형준,6038,0,30,목 16:30~19:00 (S1154),,
3학년,앱프로그래밍,3,3,N,맹자윤,6039,0,30,금 10:30~13:15 (S1341),&#39;모바일앱프로그래밍1(HEA01309)&#39;와 중복 강좌임,
3학년,게임엔진2,3,3,N,미배정,6040,0,30,금 16:30~19:00 (S1346),&#39;모바일게임엔진1(HEA01301)&#39;과 중복 강좌임,❌
3학년,서비스기획,3,3,N,정다영,6041,0,30,월 10:30~13:15 (S1341),&#39;디자인기획(HEA01303)&#39;과 중복 과목임,❌
1학년,브랜드기획,3,3,N,장희목,6042,0,30,화 13:30~16:15 (S1341),*2학년 전용 강좌 (1학년 해당 사항 없음),
2학년,BX콘텐츠디자인,3,3,N,장희목,6043,0,30,화 10:30~13:15 (S1341),*3학년 전용 강좌 (1학년 해당 사항 없음),
4학년,캡스톤융합콘텐츠프로젝트,3,3,N,이준원,6044,0,30,화 10:30~13:15 (S1346),,
4학년,캡스톤융합디자인프로젝트,3,3,N,장희목,6045,0,30,목 13:30~16:15 (S1341),,
4학년,캡스톤게임엔진2,3,3,N,미배정,6046,0,30,월 10:30~13:15 (S1346),&#39;졸업프로젝트제작(HEA01405)&#39;와 중복 과목임,❌
4학년,캡스톤서비스프로젝트,3,3,N,정다영,6047,0,30,수 10:30~13:15 (S1341),&#39;졸업프로젝트디자인(HEA01407)&#39;과 중복 과목임,❌
4학년,캡스톤게임프로젝트,3,3,N,신혜련,6048,0,30,수 13:30~16:15 (S1346),&#39;졸업프로젝트기획(HEA01406)&#39;과 중복 과목임,
2학년,기초웹프로그래밍,3,3,N,김선곤,6049,0,50,목 15:00~17:45 (S1350),*융합소프트웨어학부 공통전공 (응용소프트웨어 전용) / &#39;웹프로그래밍1&#39;과 중복강좌,
2학년,기초웹프로그래밍,3,3,N,박주영,6050,0,30,월 15:00~16:15 (S10219)  수 15:00~16:15 (S10219),"*융합소프트웨어학부 공통전공 (데이터사이언스, 인공지능전공 전용)",
2학년,자료구조,3,3,N,박주영,6051,0,45,월 10:30~11:45 (S1353)  수 10:30~11:45 (S1353),"*융합소프트웨어학부 공통전공 (데이터사이언스, 인공지능 전용)",
2학년,자료구조,3,3,N,박주영,6052,0,45,월 12:00~13:15 (S1353)  수 12:00~13:15 (S1353),*융합소프트웨어학부 공통전공 (응용소프트웨어 전용) / 데이터구조와알고리즘1 중복강좌,
3학년,모바일프로그래밍,3,3,N,김선곤,6053,0,50,목 17:50~20:15 (S1350),*융합소프트웨어학부 공통전공 / &#39;모바일컴퓨팅(HEH01302)&#39;과 중복 강좌임,
3학년,컴퓨터아키텍쳐,3,3,N,김대원,6054,0,40,수 15:00~17:45 (S1353),*융합소프트웨어학부 공통전공 / &#39;시스템프로그래밍1(HEC01212)&#39;과 중복 과목임,
4학년,클라우드컴퓨팅,3,3,N,김주영,6055,0,52,화 12:00~13:15 (S1350)  목 12:00~13:15 (S1350),*융합소프트웨어학부 공통전공 (응용소프트웨어 전용),❌
4학년,클라우드컴퓨팅,3,3,N,김주영,6056,0,52,화 13:30~14:45 (S1350)  목 13:30~14:45 (S1350),"*융합소프트웨어학부 공통전공(데이터사이언스,인공지능 전용) / 클라우드시스템과 중복",❌
2학년,패턴중심사고와프로그래밍,3,3,N,최성운,6057,0,50,화 15:00~17:45 (S1350),,❌
3학년,비즈니스모델링1,3,3,N,김일주,6058,0,45,월 13:30~14:45 (S1350)  수 13:30~14:45 (S1350),,
2학년,DB설계및구현1,3,3,N,김일주,6059,0,35,월 10:30~11:45 (S1350)  수 10:30~11:45 (S1350),*외국어(영어) 강좌,❌
2학년,DB설계및구현1,3,3,N,김일주,6060,0,0,월 09:00~10:15 ()  수 09:00~10:15 (),,❌
3학년,체계적SW개발프로세스,3,3,N,김정호,6061,0,25,화 10:30~11:45 (S1350)  목 10:30~11:45 (S1350),*응용소프트웨어전공 강좌 / 소프트웨어공학(6086)과 합반강좌로 운영됨,
3학년,분산프로그래밍1,3,3,N,김정호,6062,0,40,화 12:00~13:15 (S1554)  목 12:00~13:15 (S1554),,
4학년,팀프로젝트I,3,3,N,김정호,6063,0,40,화 13:30~14:45 (S1554)  목 13:30~14:45 (S1554),,
4학년,SW기술세미나1,3,3,N,김재관,6064,0,35,수 13:30~16:15 (S1554),,
4학년,컴퓨터보안,3,4,N,김형욱,6065,0,32,수 10:30~13:15 (S10219),,❌
4학년,인공지능1,3,3,N,김주영,6066,0,43,화 10:30~11:45 (S1554)  목 10:30~11:45 (S1554),,❌
2학년,융합기초프로그래밍,3,3,N,손영기,6067,0,30,금 12:00~14:45 (),*AI&middot;빅데이터 융합전공 공통 SW도구 전용 교과목,❌
2학년,융합기초프로그래밍,3,3,N,손영기,6068,0,30,금 15:00~17:45 (),*AI&middot;빅데이터 융합전공 공통 SW도구 전용 교과목,❌
2학년,융합기초프로그래밍,3,3,N,김정욱,6069,0,20,금 12:00~14:45 (),*AI&middot;빅데이터 융합전공 공통 SW도구 전용 교과목 / 자연캠퍼스 수업,❌
2학년,융합데이터시각화,3,3,N,미배정,6070,0,30,금 12:00~14:45 (),*AI&middot;빅데이터 융합전공 공통 SW도구 전용 교과목,❌
2학년,융합데이터시각화,3,3,N,미배정,6071,0,30,금 15:00~17:45 (),*AI&middot;빅데이터 융합전공 공통 SW도구 전용 교과목,❌
2학년,융합데이터시각화,3,3,N,김정욱,6072,0,20,금 15:00~17:45 (),*AI&middot;빅데이터 융합전공 공통 SW도구 전용 / 자연캠퍼스 수업,❌
3학년,융합캡스톤디자인,3,3,N,윤석용,6073,0,30,목 13:30~16:15 (),*AI&middot;빅데이터 융합전공 공통 SW도구 전용 교과목,❌
2학년,융합데이터사이언스개론,3,3,N,윤석용,6074,0,30,목 09:00~11:45 (),*AI&middot;빅데이터 융합전공 공통 SW도구 전용 교과목 / &#39;융합R통계분석&#39;과 중복 과목,❌
2학년,융합데이터사이언스개론,3,3,N,손영기,6075,0,30,금 09:00~11:45 (),*AI&middot;빅데이터 융합전공 공통 SW도구 전용 교과목 / &#39;융합R통계분석&#39;과 중복 과목,❌
2학년,융합데이터사이언스개론,3,3,N,김정욱,6076,0,20,금 09:00~11:45 (),*AI&middot;빅데이터 융합전공 공통 SW도구 전용 / &#39;융합R통계분석&#39;과 중복 과목 / 자연캠,❌
1학년,기초프로그래밍1,3,3,N,김상균,6077,0,53,화 10:30~11:45 (S1353)  목 10:30~11:45 (S1353),*단과대학 전공이해기초교과 / &#39;절차적사고와프로그래밍(HEB01101)&#39;과 중복 과목임,❌
1학년,기초프로그래밍1,3,3,N,김상균,6078,0,53,화 13:30~14:45 (S1353)  목 13:30~14:45 (S1353),*단과대학 전공이해기초교과 / &#39;절차적사고와프로그래밍(HEB01101)&#39;과 중복 과목임,❌
1학년,기초프로그래밍1,3,3,N,오민식,6079,0,80,월 10:30~11:45 ()  수 10:30~11:45 (),*단과대학 전공이해기초교과 / &#39;절차적사고와프로그래밍(HEB01101)&#39;과 중복 과목임,
1학년,융합소프트웨어및디지털콘텐츠디자인전공탐색세미나,1,1,Y,홍대영,6080,0,50,금 11:00~12:50 (S1154),*무전공 및 단과대학 단위 모집 입학생(1학년) 대상 교과목 / 상반기(8주) 집중이수제 운영,❌
2학년,인공지능수학,3,3,N,안현진,6081,0,70,목 13:30~14:45 ()  금 13:30~14:45 (),,
2학년,데이터사이언스개론,3,3,N,이강선,6082,0,50,월 13:30~14:45 (S1353)  수 13:30~14:45 (S1353),"&#39;데이터사이언스개론(HED01102)&#39;, &#39;R통계분석(HED01202)&#39;와 중복 과목",
2학년,데이터베이스,3,3,N,전종훈,6083,0,50,화 15:00~16:15 (S1353)  목 15:00~16:15 (S1353),,❌
3학년,고급프로그래밍,3,3,N,홍대영,6085,0,45,월 13:30~16:15 (),,❌
3학년,소프트웨어공학,3,3,N,김정호,6086,0,25,화 10:30~11:45 (S1350)  목 10:30~11:45 (S1350),"*데이터사이언스, 인공지능전공 강좌 / 체계적SW개발프로세스(6061)과 합반강좌로 운영됨",
3학년,머신러닝,3,3,N,오민식,6087,0,35,월 12:00~13:15 (S1558)  수 12:00~13:15 (S1558),&#39;인공지능(HED01315)&#39;와 중복 과목,
3학년,빅데이터프로그래밍,3,3,N,미배정,6088,0,50,화 12:00~13:15 (S1353)  목 12:00~13:15 (S1353),,❌
3학년,빅데이터프로그래밍,3,3,N,미배정,6089,0,35,금 10:00~12:50 (),*AI&middot;빅데이터 융합전공 공통 SW도구 전용 교과목 / 자연캠퍼스 수업,❌
4학년,데이터마이닝,3,3,N,홍대영,6090,0,32,월 10:30~11:45 (S1558)  수 10:30~11:45 (S1558),,❌
4학년,캡스톤디자인1,3,3,N,김상균,6091,0,36,목 15:00~17:45 (S1558),,❌
4학년,데이터사이언스특론,3,3,N,미배정,6092,0,35,화 10:00~11:50 (),*AI&middot;빅데이터 융합전공 공통 SW도구 전용 교과목 / 자연캠퍼스 수업,❌
4학년,소셜인텔리젼스,3,3,N,정재희,6093,0,30,수 13:30~16:15 (S1558),,
2학년,재무회계,3,3,N,이현경,6094,0,40,,"회계세무학과 2학년 대상, 온라인강좌",
2학년,원가회계,3,3,N,윤현택,6095,0,40,토 13:00~15:50 (),회계세무학과 2학년대상,
2학년,세법개론,3,3,N,이현경,6096,0,40,토 16:00~18:35 (),회계세무학과 2학년대상,
2학년,상법,3,3,N,고범승,6097,0,40,토 09:00~11:50 (),회계세무학과 2학년대상,❌
2학년,경영학원론,3,3,N,노정란,6098,0,40,수 20:20~22:45 (),회계세무학과 2학년대상,
3학년,중급회계2,3,3,N,이현경,6099,0,40,,"회계세무학과 3학년 대상, 온라인강좌",
3학년,원가관리회계연습,3,3,N,윤현택,6100,0,40,토 16:00~18:35 (),회계세무학과 3학년대상,❌
3학년,회계감사1,3,3,N,미배정,6101,0,40,수 20:20~22:45 (),회계세무학과 3학년 대상,❌
3학년,법인세법,3,3,N,미배정,6102,0,40,토 09:00~11:50 (),회계세무학과 3학년 대상,❌
3학년,사회과학조사방법론,3,3,N,미배정,6103,0,40,토 13:00~15:50 (),회계세무학과 3학년 대상,❌
2학년,건강가정론,3,3,N,주지현,6104,0,40,토 16:00~18:35 (),사회복지학과 2학년대상,❌
2학년,사회복지실천론,3,3,N,채수진,6105,0,40,토 13:00~15:50 (),사회복지학과 2학년대상,
2학년,노인복지론,3,3,N,백주희,6106,0,40,토 09:00~11:50 (),사회복지학과2학년대상,
3학년,아동복지론,3,3,N,최인화,6107,0,40,수 20:20~22:45 (),사회복지학과 3학년대상,
2학년,사회복지학개론,3,3,N,주영선,6108,0,40,수 20:20~22:45 (),사회복지학과 2학년대상,
3학년,정신건강사회복지론,3,3,N,배은미,6109,0,40,토 16:00~18:35 (),사회복지학과 3학년 대상,
3학년,의료사회복지론,3,3,N,채수진,6110,0,40,토 09:00~11:50 (),사회복지학과 3학년대상,
3학년,프로그램개발과평가,3,3,N,김영일,6111,0,40,토 13:00~15:50 (),사회복지학과 3학년 대상,
4학년,사회복지행정론,3,3,N,임상기,6112,0,40,토 13:00~15:50 (),사상복지학과 4학년대상,
4학년,사회복지법제와실천,3,3,N,강지선,6113,0,40,토 09:00~11:50 (),사회복지학과 4학년대상,❌
4학년,청소년복지론,3,3,N,최인화,6114,0,40,,"사회복지학과 4학년대상, 온라인강좌",
4학년,사례관리론,3,3,N,채수진,6115,0,40,수 20:20~22:45 (),사회복지학과 4학년대상,
3학년,크리에이티브커트,3,3,N,박승민,6116,0,30,토 16:00~18:35 (),,
4학년,뷰티디자인발상,3,3,N,김영순,6117,0,30,토 13:00~15:50 (),,❌
4학년,뷰티마케팅,3,3,N,한명진,6118,0,30,토 10:00~12:50 (),,❌
2학년,도시계획론,3,3,N,미배정,6119,0,50,토 13:00~15:50 (),부동산학과 2학년 대상,❌
2학년,부동산공법,3,3,N,황종규,6120,0,50,,"부동산학과 2학년 대상, 온라인강좌",
2학년,부동산경제학,3,3,N,이상영,6121,0,50,토 09:00~11:50 (),부동산학과 2학년 대상,
2학년,공간정보와빅데이터,3,3,N,박순만,6122,0,50,수 20:20~22:45 (),부동산학과 3학년 대상,
2학년,부동산중개론,3,3,N,김경희,6123,0,50,수 20:20~22:45 (),부동산학과 2학년 대상,❌
3학년,토지정책론,3,3,N,미배정,6124,0,50,토 09:00~11:50 (),부동산학과 3학년 대상,❌
3학년,부동산개발론,3,3,N,황종규,6125,0,50,토 13:00~15:50 (),부동산학과 3학년 대상,
4학년,임대주택산업론,3,3,N,순희자,6126,0,50,토 16:00~18:35 (),부동산학과 4학년 대상,
4학년,부동산마케팅,3,3,N,이동주,6127,0,50,토 13:00~15:50 (),부동산학과 4학년 대상,❌
4학년,부동산개발사례연구,3,3,N,황종규,6128,0,50,수 20:20~22:45 (),부동산학과 4학년 대상,
4학년,오피스빌딩관리론,3,3,N,윤여신,6129,0,50,토 09:00~11:50 (),부동산학과 4학년 대상,
4학년,부동산AI데이터랩,3,3,N,박순만,6130,0,50,목 19:30~21:55 (),"부동산학과 2,3,4학년 대상, 프롭테크연계전공필수강좌",
4학년,웹툰콘텐츠창작3,3,3,N,김수지,6131,0,30,금 10:00~12:50 (),,❌
4학년,웹툰코미컬라이징1,3,3,N,미배정,6132,0,0,,,❌
4학년,웹툰제작프로세스1,3,3,N,박운용,6133,0,30,토 10:00~12:50 (),,
2학년,디지털마케팅,3,3,N,오세종,6134,0,30,토 15:10~17:40 (),,
2학년,SCM,3,3,N,오영택,6135,0,30,토 15:10~17:40 (),,❌
2학년,경영정보시스템,3,3,N,박원근,6136,0,30,토 17:50~20:05 (),,
3학년,물류관리론,3,3,N,오영택,6137,0,30,토 17:50~20:05 (),,❌
3학년,보관하역론,3,3,N,유재실,6138,0,30,토 17:50~20:05 (),,❌
3학년,재고관리,3,3,N,전정영,6139,0,30,토 15:10~17:40 (),,❌
3학년,프랜차이즈경영,3,3,N,이재한,6140,0,30,토 12:30~15:00 (),,
3학년,국제물류론,3,3,N,박민정,6141,0,30,토 12:30~15:00 (),,❌
4학년,유통경영,3,3,N,미배정,6142,0,0,,,❌
2학년,아시아시장의이해,3,3,N,미배정,6143,0,40,수 20:20~22:45 (),미래융합경영학과 2학년 대상,❌
2학년,서비스마케팅,3,3,N,김세희,6144,0,45,수 20:20~22:45 (),미래융합경영학과 3학년 대상,
2학년,기업윤리,3,3,N,박지현,6145,0,55,수 20:20~21:35 (),"미래융합경영학과 4학년 대상, 블렌디드강좌",
4학년,디지털데이터베이스마케팅,3,3,N,김형진,6146,0,50,,"미래융합경영학과 3학년 대상, 온라인강좌",❌
2학년,마케팅원론,3,3,N,김형진,6147,0,40,토 13:00~15:50 (),미래융합경영학과 2학년 대상,❌
2학년,재무관리,3,3,N,정미화,6148,0,45,토 16:00~18:35 (),미래융합경영학과 3학년 대상,
2학년,회계원리,3,3,N,박경진,6149,0,45,,"미래융합경영학과 2학년 대상, 온라인강좌",
3학년,조직행동론,3,3,N,박지현,6150,0,45,토 09:00~11:50 (),미래융합경영학과 2학년 대상,
3학년,시장조사의이론과실제,3,3,N,김세희,6151,0,55,토 13:00~15:50 (),미래융합경영학과 4학년 대상,
3학년,바이오헬스케어빅데이터분석,3,3,N,김형진,6152,0,55,토 16:00~17:15 (),"미래융합경영학과 4학년 대상, 블렌디드강좌",❌
3학년,미래융합과자기혁신경영,3,3,N,미배정,6153,0,40,토 16:00~18:35 (),미래융합경영학과 2학년 대상,❌
2학년,소비자행동과CRM,3,3,N,김형진,6154,0,45,토 09:00~11:50 (),미래융합경영학과 3학년 대상,❌
4학년,HR전략의최신주제및사례연구,3,3,N,노정란,6155,0,55,토 09:00~11:50 (),미래융합경영학과 4학년 대상,
3학년,기업가정신과리더십,3,3,N,노정란,6156,0,40,토 13:00~15:50 (),미래융합경영학과 3학년 대상,
4학년,리더십이론과적용,3,3,N,박지현,6157,0,55,,"미래융합경영학과 4학년 대상, 온라인강좌",
2학년,상담심리학,3,3,N,안수정,6158,0,40,수 20:20~22:45 (),심리치료학과 2학년 대상,❌
2학년,놀이심리치료개론,3,3,N,임선자,6159,0,40,토 13:00~15:50 (),심리치료학과 2학년 대상,❌
2학년,발달심리학,3,3,N,노남숙,6160,0,40,토 16:00~18:35 (),"심리치료학과 2학년 대상, 블렌디드강좌",
3학년,이상심리학,3,3,N,배병훈,6161,0,40,수 20:20~22:45 (),심리치료학과 3학년 대상,❌
3학년,심리측정및평가,3,3,N,안수정,6162,0,40,토 09:00~11:50 (),"심리치료학과 3학년 대상, 블렌디드강좌",❌
2학년,심리통계,3,3,N,이상학,6163,0,40,토 13:00~15:50 (),심리치료학과 3학년 대상,❌
3학년,집단상담및치료,3,3,N,박은선,6164,0,40,토 16:00~18:35 (),"심리치료학과 3학년 대상, 블렌디드강좌",
3학년,학습심리학,3,3,N,라영안,6165,0,40,,"심리치료학과 2학년 대상, 온라인강좌",
3학년,중독심리학,3,3,N,황인지,6166,0,40,토 09:00~11:50 (),심리치료학과 4학년 대상,❌
4학년,진로상담,3,3,N,라영안,6167,0,40,수 20:20~22:45 (),심리치료학과 4학년 대상,
4학년,인지신경심리학,3,3,N,윤제현,6168,0,40,토 16:00~18:35 (),심리치료학과 4학년 대상,
4학년,현장실습,3,3,N,안수정,6169,0,40,토 13:00~15:50 (),심리치료학과 4학년 대상,❌
3학년,문화콘텐츠개론1,3,3,N,하서원,6170,0,30,목 10:00~12:50 (),,❌
4학년,3D모델링워크숍1,3,3,N,박다정,6171,0,30,목 14:00~16:50 (),,❌
4학년,콘셉트아트워크숍1,3,3,N,이재형,6172,0,30,목 14:00~16:50 (),,❌
2학년,창업론,3,3,N,박미정,6173,0,30,토 18:00~20:50 (),,❌
3학년,마케팅관리론,3,3,N,지용기,6175,0,30,토 15:00~17:50 (),,❌
3학년,식품유통론,3,3,N,최병환,6176,0,30,토 12:00~14:50 (),,❌
4학년,인적자원관리,3,3,N,미배정,6177,0,0,,,❌
4학년,고객관계관리,3,3,N,미배정,6178,0,0,,,❌
2학년,민법총론,3,3,N,박득배,6179,0,40,토 13:00~15:50 (),법무행정학과 2학년대상,
3학년,행정법개론,3,3,N,석호영,6180,0,40,토 13:00~15:50 (),법무행정학과 3학년 대상,❌
2학년,헌법입문,3,3,N,석호영,6181,0,40,,"법무행정학과 2학년 대상, 온라인강좌",❌
3학년,계약법,3,3,N,박득배,6182,0,40,토 16:00~18:35 (),법무행정학과 2학년 대상,
2학년,형법개론,3,3,N,신효성,6183,0,40,수 20:20~22:45 (),법무행정학과 2학년 대상,❌
3학년,경제법개론,3,3,N,홍명수,6184,0,40,수 20:20~22:45 (),법무행정학과 3학년 대상,
3학년,상법개론,3,3,N,고범승,6185,0,40,토 16:00~18:35 (),법무행정학과 3학년 대상,❌
4학년,지적재산권법개론,3,3,N,이상미,6186,0,40,토 09:00~11:50 (),법무행정학과 3학년 대상,❌
4학년,조사방법론,3,3,N,이혜경,6187,0,40,토 09:00~11:50 (),법무행정학과 4학년 대상,❌
4학년,드론과항공법,3,3,N,석호영,6188,0,40,토 16:00~18:35 (),법무행정학과 4학년 대상,❌
3학년,조직론,3,3,N,김강배,6189,0,40,토 09:00~11:50 (),법무행정학과 2학년 대상,
4학년,정책분석평가론,3,3,N,이혜경,6190,0,40,토 13:00~15:50 (),법무행정학과 4학년 대상,❌
2학년,영상디자인기초,3,3,N,배성균,6191,0,32,토 09:00~11:50 (),멀티디자인학과 2학년 대상,❌
3학년,모바일디자인,3,3,N,미배정,6192,0,32,토 13:00~15:50 (),멀티디자인학과 3학년 대상,❌
3학년,콘텐츠디자인,3,3,N,최현호,6193,0,32,토 09:00~11:50 (),멀티디자인학과 3학년 대상,
1학년,드로잉,3,3,N,임선경,6194,0,30,수 19:30~21:55 (),멀티디자인학과 1학년 대상,❌
2학년,색채디자인,3,3,N,조성민,6195,0,32,토 13:00~15:50 (),멀티디자인학과 2학년 대상,
4학년,졸업프로젝트1,3,3,N,최현호,6196,0,14,토 13:00~15:50 (S3622),멀티디자인학과 4학년 대상,
4학년,졸업프로젝트1,3,3,N,박진후,6197,0,14,토 13:00~15:50 (),멀티디자인학과 4학년 대상,❌
4학년,디자인기획,3,3,N,최현호,6198,0,32,토 16:00~18:35 (),멀티디자인학과 4학년 대상,
2학년,타이포그래피,3,3,N,박진후,6199,0,32,토 16:00~18:35 (),멀티디자인학과 2학년 대상,❌
3학년,브랜드디자인,3,3,N,박진후,6200,0,32,수 20:20~22:45 (),멀티디자인학과 3학년 대상,❌
3학년,3D그래픽스심화,3,3,N,미배정,6201,0,32,토 16:00~18:35 (),멀티디자인학과 3학년 대상,❌
4학년,시각디자인연구,3,3,N,박진후,6202,0,32,토 09:00~11:50 (),멀티디자인학과 4학년 대상,❌
1학년,스포츠매니지먼트,3,3,N,유정우,6203,0,30,수 11:00~13:50 (),,
1학년,스포츠와운동생리,3,3,N,우종웅,6204,0,30,토 14:00~16:50 (),,❌
1학년,스포츠산업사,3,3,N,신은영,6205,0,30,월 14:00~16:50 (),,❌
1학년,기운동체조,3,3,N,미배정,6206,0,0,,,❌
3학년,건강관리,3,3,N,전진호,6207,0,30,월 11:00~13:50 (),,
3학년,스포츠경영론,3,3,N,미배정,6208,0,0,,,❌
4학년,스포츠와법,3,3,N,윤태기,6209,0,30,수 08:00~10:50 (),,❌
4학년,전공실기(골프)1,3,3,N,이효정,6210,0,30,,,❌
3학년,스포츠정보론,3,3,N,미배정,6211,0,0,,,❌
4학년,스포츠산업경영인턴쉽1,3,3,N,미배정,6212,0,0,,,❌
전학년,교육과일의세계,3,3,N,김지영,6213,0,100,월 00:00~00:00 (),,
3학년,경영조직론,3,3,N,순희자,6214,0,100,토 09:00~11:30 (),,
3학년,예술경영과기업가정신,3,3,N,김시형,6215,0,100,화 00:00~00:00 (),,
전학년,아동상담심리학,3,3,N,정은정,6216,0,100,토 00:00~00:00 (),,❌
4학년,문화콘텐츠의이해,3,3,N,장혜영,6217,0,100,수 00:00~00:00 (),,
3학년,주거복지론,3,3,N,황종규,6218,0,100,토 09:00~11:30 (),,
전학년,현대사회경력개발,3,3,N,김지영,6219,0,100,토 09:00~11:30 (),,
전학년,글로벌경영,3,3,N,이정환,6220,0,100,목 00:00~00:00 (),,
1학년,가족생활교육,3,3,N,신남순,6221,0,30,토 17:50~20:05 (),,
1학년,청소년복지론,3,3,N,미배정,6222,0,0,,,❌
1학년,아동복지론,3,3,N,박희숙,6223,0,30,토 12:30~15:00 (),,❌
3학년,사회복지실천론,3,3,N,한미란,6224,0,30,토 15:10~17:40 (),,
3학년,심리학개론,3,3,N,김지현,6225,0,30,토 12:30~15:00 (),,
3학년,사회복지학개론,3,3,N,미배정,6226,0,0,,,❌
3학년,사회복지법제와실천,3,3,N,최현,6227,0,30,토 15:10~17:40 (),,❌
4학년,가족상담및가족치료,3,3,N,길민재,6228,0,30,토 17:50~20:05 (),,❌
4학년,인간행동과사회환경,3,3,N,김지현,6229,0,30,토 17:50~20:05 (),,
4학년,사회복지정책론,3,3,N,미배정,6230,0,0,,,❌
4학년,가족복지론,3,3,N,신옥자,6231,0,30,토 12:30~15:00 (),,❌
2학년,부동산플랫폼과공유경제,3,3,N,박순만,6232,0,50,토 16:00~18:35 (),"부동산학과 2학년 대상, 프롭테크연계전공필수강좌",
3학년,AI와미디어콘텐츠,3,3,N,김지용,6233,0,30,목 13:00~15:50 (),,❌
3학년,영상사운드프로젝트,3,3,N,김태용,6234,0,30,목 10:00~12:50 (),,❌
3학년,영상편집프로젝트,3,3,N,안서윤,6235,0,30,수 13:00~15:50 (),,❌
3학년,브랜드마케팅,3,3,N,문원경,6236,0,30,수 10:00~12:50 (),,
4학년,영상제작현장프로젝트,3,3,N,최현종,6237,0,30,수 13:00~15:50 (),,❌
4학년,융합미디어제작프로젝트,3,3,N,한재원,6238,0,30,목 13:00~15:50 (),,❌
1학년,융합예술학입문,3,3,N,조선우,6239,0,40,화 15:00~17:45 (S1950),,
전학년,글로벌스터디스입문,3,3,N,이현정,6240,0,35,금 09:00~11:45 (S1546),팀티칭강의,
전학년,교양테니스,2,2,N,최진영,6241,0,40,월 09:00~10:50 (S10144),교외 수업진행(세부내용 수업계획서 참고),
전학년,교양테니스,2,2,N,최진영,6242,0,40,월 11:00~12:50 (S10144),교외 수업진행(세부내용 수업계획서 참고),
전학년,교수(박지현)세미나,1,1,Y,박지현,6243,0,24,,"미래융합대학 미래융합경영학과 2026학번 전용강좌, N/P",
전학년,교수(박진후)세미나,1,1,Y,박진후,6244,0,25,수 18:40~19:25 (),"미래융합대학 멀티디자인학과 2026학번 전용강좌, N/P",❌
전학년,교수(사토요코)세미나,1,1,Y,사토 요코,6245,0,55,월 18:00~18:50 (S1731),"인문대학 아시아중동어문학부 일어일문학전공 전용강좌, N/P",
전학년,인간심리의이해,3,3,N,진성조,6246,0,55,화 15:00~16:15 (S1217)  목 15:00~16:15 (S1217),,
전학년,인간심리의이해,3,3,N,진성조,6247,0,55,화 16:30~16:15 (S1217)  목 16:30~17:45 (S1217),,
2학년,한국어표현교육론,3,3,N,장채린,6248,0,50,월 10:30~11:45 (S1919)  수 10:30~11:45 (S1919),,
2학년,한국어어휘교육론,3,3,N,서반석,6249,0,50,화 12:00~13:15 (S1919)  목 12:00~13:15 (S1919),,
3학년,음악치료이해하기:원리와실제,3,3,N,이상은,6250,0,100,금 00:00~00:00 (),,❌
3학년,심리학개론,3,3,N,미배정,6251,0,1,,,❌
전학년,가족치료,3,3,N,이송희,6252,0,30,,,❌
3학년,인간행동과사회환경,3,3,N,미배정,6253,0,1,,,❌
3학년,예술치료,3,3,N,남숙영,6254,0,30,,,❌
3학년,놀이치료,3,3,N,박미순,6255,0,30,,,❌
전학년,리더십과상담코칭,3,3,N,이송희,6256,0,30,,,❌
4학년,브랜드기획과커뮤니케이션전략,3,3,N,박진후,6257,0,30,,,❌
3학년,기업홍보영상디자인,3,3,N,양승원,6258,0,30,,,❌
4학년,취.창업디자인경영1,3,3,N,조은지,6259,0,30,,,❌
3학년,커뮤니케이션디자인1,3,3,N,조은지,6260,0,30,,,❌
3학년,OTT컨텐츠제작,3,3,N,정주연,6261,0,30,,,❌
4학년,디자인&영상테크닉1,2,2,N,미배정,6262,0,1,,,❌
4학년,연주발표3,3,3,N,김남원,6263,0,30,,,❌
4학년,케이팝앙상블,3,3,N,정승수,6264,0,30,,,❌
3학년,공연실습1,2,2,N,정헌섭,6265,0,30,,,❌
3학년,뮤직비지니스1,2,2,N,정헌섭,6266,0,30,,,❌
4학년,스포츠이벤트경영론,3,3,N,이진영,6267,0,30,토 08:00~10:50 (),,❌
4학년,창업마케팅,3,3,N,이현숙,6268,0,30,토 12:00~14:50 (),,❌
4학년,화물운송,3,3,N,이재곤,6269,0,30,토 15:00~17:50 (),,❌
3학년,경영학원론,3,3,N,지용기,6270,0,30,토 18:00~20:50 (),,❌
4학년,멀티미디어디자인프로젝트1,3,3,N,이기호,6271,0,30,화 10:00~12:50 (),,❌
1학년,영상디자인기초1,3,3,N,안서윤,6272,0,30,수 10:00~12:50 (),,❌
2학년,서비스마케팅,3,3,N,문원경,6273,0,30,수 13:00~15:50 (),,
전학년,사운드디자인,3,3,N,김지용,6274,0,30,목 10:00~12:50 (),,❌
2학년,영상개론,3,3,N,이기호,6275,0,30,화 13:00~15:50 (),,❌
3학년,영상컨텐츠디자인1,3,3,N,최현종,6276,0,30,수 10:00~12:50 (),,❌
2학년,크리에이티브디자인,3,3,N,한재원,6277,0,30,목 10:00~12:50 (),,❌
4학년,멀티미디어디자인프로젝트2(캡스톤디자인),3,3,N,김태용,6278,0,30,목 13:00~15:50 (),,❌
전학년,체육사,3,3,N,미배정,6279,0,1,,,❌
전학년,체육사,3,3,N,미배정,6280,0,1,,,❌
전학년,"우주,생명,마음",3,3,N,조상훈,6281,0,30,화 11:00~13:50 (),,
전학년,영양과운동,3,3,N,전진호,6282,0,30,목 11:00~13:50 (),,❌
전학년,현대인과정신건강,3,3,N,이정숙,6283,0,30,화 08:00~10:50 (),,
전학년,금융시장의이해,3,3,N,남기옥,6284,0,30,수 14:00~16:50 (),,
전학년,현대사회와스포츠,3,3,N,유정우,6285,0,30,수 08:00~10:50 (),,
2학년,어드밴스디자인1,3,3,N,미배정,6288,0,1,,,❌
3학년,어드밴스디자인2,3,3,N,한지연,6289,0,30,월 10:00~12:50 (),,❌
전학년,스토리텔링과기획,3,3,N,오필정,6290,0,30,화 14:50~16:50 (),,❌
1학년,디지털그래픽스1,3,3,N,하서원,6291,0,30,금 10:00~12:50 (),,❌
전학년,품질경영,3,3,N,장영순,6292,0,100,월 00:00~00:00 (),,❌
1학년,융합소프트웨어및디지털콘텐츠디자인전공탐색세미나,1,1,Y,홍대영,6293,0,50,금 11:00~12:50 (S1154),*무전공 및 단과대학 단위 모집 입학생(1학년) 대상 교과목 / 하반기(8주) 집중이수제 운영,❌
전학년,교수(박순만)세미나,1,1,Y,박순만,6294,0,15,수 18:40~19:25 (S1254),미래융합대학 부동산학과 2026학번 신입생 전용강좌,
3학년,기업금융론,3,3,N,빈기범,6295,0,40,화 13:30~14:45 (S1441)  목 13:30~14:45 (S1441),,
1학년,건반초견및화성실습1,2,2,N,유호정,6296,0,30,,,❌
1학년,시창.청음2(피아노),2,2,N,마진욱,6297,0,30,,,❌
3학년,전공실기5(피아노),3,3,N,미배정,6298,0,1,,,❌
4학년,전공실기8(졸업작품작곡-캡스톤디자인),3,3,N,정승수,6299,0,30,,,❌
전학년,컴퓨터작곡,2,2,N,미배정,6300,0,1,,,❌
